1095.jpg	13	16
594.jpg	13	15
3480.jpg	3	5
1257.jpg	13	18
3349.jpg	10	20
2786.jpg	7	20
3922.jpg	4	2
2873.jpg	13	9
143.jpg	4	7
1623.jpg	4	7
1949.jpg	10	20
3875.jpg	13	16
2991.jpg	13	1
3038.jpg	13	20
3211.jpg	13	1
3310.jpg	11	14
2958.jpg	13	20
3838.jpg	13	20
3006.jpg	7	20
1385.jpg	5	8
2661.jpg	3	20
3160.jpg	3	5
1053.jpg	13	9
2449.jpg	10	20
1299.jpg	7	1
2673.jpg	13	9
1506.jpg	7	20
863.jpg	4	7
338.jpg	13	20
3108.jpg	8	9
1270.jpg	11	14
1903.jpg	4	7
2116.jpg	13	17
2431.jpg	13	1
3679.jpg	7	1
2746.jpg	7	20
2178.jpg	13	20
1286.jpg	7	20
3960.jpg	3	20
782.jpg	4	2
1048.jpg	8	9
2690.jpg	11	14
907.jpg	8	6
843.jpg	4	7
1309.jpg	10	20
307.jpg	8	6
2611.jpg	13	1
3362.jpg	4	2
992.jpg	13	17
2377.jpg	13	18
3647.jpg	8	6
3844.jpg	4	11
2825.jpg	5	8
2624.jpg	4	11
1898.jpg	13	20
2355.jpg	13	16
2577.jpg	13	18
42.jpg	4	2
3385.jpg	5	8
2399.jpg	7	1
3989.jpg	13	1
2350.jpg	11	14
2557.jpg	13	18
1271.jpg	13	1
1520.jpg	3	5
33.jpg	13	9
100.jpg	3	5
99.jpg	7	1
3328.jpg	8	9
3646.jpg	7	20
2637.jpg	13	18
410.jpg	11	14
414.jpg	13	15
437.jpg	13	18
3764.jpg	4	11
2811.jpg	13	1
1545.jpg	5	8
3433.jpg	13	9
3824.jpg	4	11
2297.jpg	13	18
428.jpg	8	9
3437.jpg	13	18
3729.jpg	10	20
1413.jpg	8	9
2879.jpg	7	1
3794.jpg	13	15
1355.jpg	13	16
3888.jpg	8	9
840.jpg	3	5
2273.jpg	13	1
710.jpg	11	14
2031.jpg	13	9
733.jpg	13	9
654.jpg	13	15
3122.jpg	4	2
693.jpg	13	9
3220.jpg	3	5
1403.jpg	4	7
1255.jpg	13	16
1756.jpg	13	17
3505.jpg	5	8
3717.jpg	13	16
1653.jpg	13	9
1514.jpg	13	15
2056.jpg	13	17
135.jpg	13	16
819.jpg	7	1
244.jpg	4	11
439.jpg	7	1
157.jpg	13	18
1603.jpg	4	7
1775.jpg	13	16
1973.jpg	13	9
2919.jpg	7	1
2182.jpg	4	7
1400.jpg	3	5
1466.jpg	7	20
3995.jpg	13	18
535.jpg	13	16
2257.jpg	13	18
1701.jpg	3	20
446.jpg	7	20
368.jpg	8	9
102.jpg	4	2
1487.jpg	8	6
2603.jpg	4	7
3730.jpg	11	14
3078.jpg	13	20
1823.jpg	4	7
2418.jpg	13	20
879.jpg	7	1
3621.jpg	3	20
3177.jpg	13	18
2481.jpg	3	20
215.jpg	13	16
1467.jpg	8	6
3715.jpg	13	16
2298.jpg	13	20
551.jpg	13	1
714.jpg	13	15
850.jpg	11	14
2210.jpg	11	14
1359.jpg	7	1
2845.jpg	5	8
1459.jpg	7	1
1608.jpg	8	9
1213.jpg	13	9
3148.jpg	8	9
2648.jpg	8	9
2768.jpg	8	9
3732.jpg	13	9
3014.jpg	13	15
1093.jpg	13	9
2060.jpg	3	5
3994.jpg	13	17
1800.jpg	3	5
2550.jpg	11	14
2101.jpg	3	20
3257.jpg	13	18
2137.jpg	13	18
1770.jpg	11	14
3626.jpg	7	20
530.jpg	11	14
88.jpg	8	9
1510.jpg	11	14
3796.jpg	13	16
1943.jpg	4	2
1441.jpg	3	20
1865.jpg	5	8
1892.jpg	13	6
2670.jpg	11	14
886.jpg	7	20
3502.jpg	4	7
12.jpg	13	6
2686.jpg	7	20
662.jpg	4	2
1659.jpg	7	1
2928.jpg	8	9
2962.jpg	4	2
1566.jpg	7	20
544.jpg	4	11
2494.jpg	13	15
2333.jpg	13	9
981.jpg	3	20
1143.jpg	4	7
576.jpg	13	17
77.jpg	13	15
3807.jpg	8	6
2721.jpg	3	20
3722.jpg	4	2
3045.jpg	5	8
2801.jpg	3	20
901.jpg	3	20
150.jpg	11	14
440.jpg	3	5
3532.jpg	13	6
1237.jpg	13	18
3613.jpg	13	9
3606.jpg	7	20
417.jpg	13	18
1967.jpg	8	6
3950.jpg	11	14
3023.jpg	4	7
708.jpg	8	9
3712.jpg	13	6
462.jpg	4	2
622.jpg	4	2
580.jpg	3	5
2103.jpg	4	7
771.jpg	13	1
217.jpg	13	18
2898.jpg	13	20
436.jpg	13	17
2416.jpg	13	17
1981.jpg	3	20
2288.jpg	8	9
1830.jpg	11	14
1349.jpg	10	20
2365.jpg	5	8
3605.jpg	5	8
965.jpg	5	8
921.jpg	3	20
3762.jpg	4	2
1655.jpg	13	16
3484.jpg	4	11
3493.jpg	13	6
1574.jpg	13	15
3027.jpg	8	6
2459.jpg	7	1
669.jpg	10	20
1000.jpg	3	5
2943.jpg	4	7
896.jpg	13	17
608.jpg	8	9
2022.jpg	4	2
2154.jpg	13	15
1346.jpg	7	20
3500.jpg	3	5
1225.jpg	5	8
1332.jpg	13	6
3937.jpg	13	18
1488.jpg	8	9
1952.jpg	13	6
2180.jpg	3	5
527.jpg	8	6
430.jpg	11	14
1474.jpg	13	15
1855.jpg	13	16
1424.jpg	4	11
1185.jpg	5	8
1062.jpg	4	2
320.jpg	3	5
282.jpg	4	2
1928.jpg	13	9
2104.jpg	4	11
2810.jpg	11	14
3077.jpg	13	18
570.jpg	11	14
1918.jpg	13	20
1196.jpg	13	17
3084.jpg	4	11
1169.jpg	10	20
2517.jpg	13	18
2127.jpg	8	6
1633.jpg	13	9
1716.jpg	13	17
1638.jpg	13	20
517.jpg	13	18
449.jpg	10	20
1780.jpg	3	5
3920.jpg	3	5
1974.jpg	13	15
1369.jpg	10	20
274.jpg	13	15
2936.jpg	13	17
1462.jpg	4	2
1993.jpg	13	9
1803.jpg	4	7
1005.jpg	5	8
663.jpg	4	7
2992.jpg	13	6
3097.jpg	13	18
3463.jpg	4	7
1761.jpg	3	20
2922.jpg	4	2
1124.jpg	4	11
720.jpg	3	5
1283.jpg	4	7
612.jpg	13	6
1590.jpg	11	14
1570.jpg	11	14
2854.jpg	13	15
1826.jpg	7	20
3686.jpg	7	20
1884.jpg	4	11
1418.jpg	13	20
3096.jpg	13	17
38.jpg	13	20
3809.jpg	10	20
2158.jpg	13	20
3159.jpg	7	1
3233.jpg	5	8
712.jpg	13	6
53.jpg	13	9
2266.jpg	7	20
3878.jpg	13	20
2238.jpg	13	20
1940.jpg	3	5
1866.jpg	7	20
497.jpg	13	18
168.jpg	8	9
2805.jpg	5	8
3330.jpg	11	14
3466.jpg	7	20
1909.jpg	10	20
3980.jpg	4	2
79.jpg	7	1
350.jpg	11	14
2807.jpg	8	6
787.jpg	8	6
3631.jpg	13	1
2544.jpg	4	11
983.jpg	4	7
3555.jpg	13	16
117.jpg	13	18
2407.jpg	8	6
1080.jpg	3	5
823.jpg	4	7
3754.jpg	13	15
1406.jpg	7	20
990.jpg	11	14
2237.jpg	13	18
3420.jpg	3	5
581.jpg	3	20
470.jpg	11	14
3382.jpg	4	2
97.jpg	13	18
2766.jpg	7	20
515.jpg	13	16
3961.jpg	4	2
721.jpg	3	20
1793.jpg	13	9
1328.jpg	8	9
3849.jpg	10	20
3200.jpg	3	5
1279.jpg	7	1
841.jpg	3	20
110.jpg	11	14
3700.jpg	3	5
1987.jpg	8	6
489.jpg	10	20
1139.jpg	7	1
1320.jpg	3	5
18.jpg	13	20
2574.jpg	13	1
445.jpg	5	8
1515.jpg	13	16
3933.jpg	13	9
2236.jpg	13	16
3614.jpg	13	15
820.jpg	3	5
1717.jpg	13	18
3224.jpg	4	11
2047.jpg	8	6
3616.jpg	13	17
270.jpg	11	14
48.jpg	13	9
2181.jpg	3	20
285.jpg	5	8
2258.jpg	13	20
482.jpg	4	2
3908.jpg	8	9
433.jpg	13	9
2851.jpg	13	1
3714.jpg	13	15
2707.jpg	8	6
2730.jpg	11	14
1895.jpg	13	16
3288.jpg	8	9
3055.jpg	13	16
75.jpg	13	16
2289.jpg	10	20
2751.jpg	13	1
1153.jpg	13	9
80.jpg	3	5
3040.jpg	3	5
2581.jpg	3	20
3694.jpg	13	15
3459.jpg	7	1
26.jpg	7	1
2663.jpg	4	7
797.jpg	13	18
667.jpg	8	6
1288.jpg	8	9
600.jpg	3	5
2112.jpg	13	6
1168.jpg	8	9
906.jpg	7	20
1689.jpg	10	20
2320.jpg	3	5
2216.jpg	13	17
1264.jpg	4	11
1421.jpg	3	20
807.jpg	8	6
208.jpg	8	9
1055.jpg	13	16
3597.jpg	13	18
1074.jpg	13	15
1713.jpg	13	9
3025.jpg	5	8
3432.jpg	13	15
1731.jpg	13	1
1452.jpg	13	6
1598.jpg	13	20
2207.jpg	8	6
792.jpg	13	6
1121.jpg	3	20
3050.jpg	11	14
2712.jpg	13	6
3596.jpg	13	17
2657.jpg	13	18
343.jpg	4	7
3018.jpg	13	20
2638.jpg	13	20
2235.jpg	13	16
1798.jpg	13	20
1876.jpg	13	17
2785.jpg	5	8
3275.jpg	13	17
3571.jpg	13	1
995.jpg	13	16
2408.jpg	8	9
1982.jpg	4	2
1047.jpg	8	6
1637.jpg	13	18
1926.jpg	7	20
917.jpg	13	18
495.jpg	13	20
3825.jpg	5	8
2513.jpg	8	9
3492.jpg	13	6
1893.jpg	13	9
2457.jpg	13	18
118.jpg	13	20
3986.jpg	8	9
3786.jpg	7	20
160.jpg	3	5
2526.jpg	7	20
1099.jpg	7	1
2946.jpg	7	20
1640.jpg	3	5
2327.jpg	8	6
2197.jpg	13	18
2049.jpg	7	20
1387.jpg	8	6
1388.jpg	8	9
1552.jpg	13	6
2301.jpg	3	20
2713.jpg	13	9
81.jpg	3	20
3770.jpg	11	14
3910.jpg	11	14
2987.jpg	8	6
2684.jpg	4	11
3137.jpg	13	18
2750.jpg	11	14
2487.jpg	8	6
2140.jpg	3	5
1983.jpg	4	7
2429.jpg	10	20
923.jpg	4	2
853.jpg	13	9
394.jpg	13	15
1588.jpg	8	9
3389.jpg	10	20
3269.jpg	10	20
275.jpg	13	16
3763.jpg	4	7
2923.jpg	4	7
3037.jpg	13	18
64.jpg	4	11
3219.jpg	7	1
2607.jpg	8	6
3503.jpg	4	7
1773.jpg	13	9
3683.jpg	4	7
2073.jpg	13	9
3371.jpg	13	1
813.jpg	13	9
1181.jpg	3	20
1236.jpg	13	17
2395.jpg	13	16
162.jpg	4	2
845.jpg	5	8
678.jpg	13	20
1190.jpg	11	14
1763.jpg	4	7
3965.jpg	7	20
3547.jpg	8	6
2318.jpg	13	20
3301.jpg	3	20
3439.jpg	7	1
815.jpg	13	16
747.jpg	8	6
2700.jpg	3	5
1850.jpg	11	14
2616.jpg	13	17
1994.jpg	13	15
3955.jpg	13	16
323.jpg	4	7
1580.jpg	3	5
122.jpg	4	2
2433.jpg	13	9
1549.jpg	10	20
3033.jpg	13	9
2091.jpg	13	1
672.jpg	13	6
1100.jpg	3	5
2162.jpg	4	2
2095.jpg	13	17
3443.jpg	4	7
1677.jpg	13	18
1546.jpg	7	20
183.jpg	4	7
1950.jpg	11	14
991.jpg	13	1
1259.jpg	7	1
3785.jpg	5	8
2588.jpg	8	9
2044.jpg	4	11
880.jpg	3	5
408.jpg	8	9
268.jpg	8	9
1650.jpg	11	14
2955.jpg	13	16
2502.jpg	4	2
1729.jpg	10	20
626.jpg	7	20
890.jpg	11	14
1917.jpg	13	18
583.jpg	4	7
2064.jpg	4	11
2779.jpg	7	1
2994.jpg	13	15
146.jpg	7	20
120.jpg	3	5
124.jpg	4	11
1931.jpg	13	1
531.jpg	13	1
3650.jpg	11	14
2057.jpg	13	18
3521.jpg	3	20
2924.jpg	4	11
2775.jpg	13	16
3449.jpg	10	20
354.jpg	13	15
2196.jpg	13	17
1492.jpg	13	6
246.jpg	7	20
2778.jpg	13	6
2478.jpg	13	20
682.jpg	4	2
2134.jpg	13	15
2501.jpg	3	20
3377.jpg	13	18
1272.jpg	13	6
1530.jpg	11	14
2179.jpg	7	1
1699.jpg	7	1
1097.jpg	13	18
2193.jpg	13	9
3630.jpg	11	14
839.jpg	7	1
659.jpg	7	1
743.jpg	4	7
2744.jpg	4	11
1658.jpg	13	20
3801.jpg	3	20
3285.jpg	5	8
1724.jpg	4	11
2071.jpg	13	1
438.jpg	13	20
1458.jpg	13	20
812.jpg	13	6
451.jpg	13	1
599.jpg	7	1
308.jpg	8	9
1325.jpg	5	8
730.jpg	11	14
2396.jpg	13	17
1666.jpg	7	20
2495.jpg	13	16
2617.jpg	13	18
2799.jpg	7	1
2203.jpg	4	7
3559.jpg	7	1
510.jpg	11	14
1017.jpg	13	18
1550.jpg	11	14
319.jpg	7	1
717.jpg	13	18
2472.jpg	13	6
3895.jpg	13	16
3246.jpg	7	20
2626.jpg	7	20
519.jpg	7	1
2675.jpg	13	16
3533.jpg	13	9
3438.jpg	13	20
920.jpg	3	5
3155.jpg	13	16
130.jpg	11	14
3391.jpg	13	1
764.jpg	4	11
1277.jpg	13	18
3388.jpg	8	9
2884.jpg	4	11
1164.jpg	4	11
1646.jpg	7	20
2239.jpg	7	20
129.jpg	10	20
534.jpg	13	15
702.jpg	4	2
261.jpg	3	20
2420.jpg	3	5
3508.jpg	13	6
2697.jpg	13	18
2415.jpg	13	16
3180.jpg	3	5
1697.jpg	13	18
2806.jpg	7	20
1119.jpg	7	1
2664.jpg	4	11
1889.jpg	10	20
70.jpg	11	14
2465.jpg	5	8
3369.jpg	10	20
1131.jpg	13	1
2189.jpg	10	20
185.jpg	5	8
2009.jpg	10	20
1454.jpg	8	6
3658.jpg	13	20
959.jpg	7	1
212.jpg	13	6
1784.jpg	4	11
62.jpg	4	2
1184.jpg	4	11
68.jpg	8	9
3035.jpg	13	17
2679.jpg	7	1
753.jpg	13	9
1331.jpg	13	1
112.jpg	13	6
686.jpg	7	20
300.jpg	3	5
1629.jpg	10	20
82.jpg	4	2
3397.jpg	13	18
3303.jpg	4	7
2200.jpg	3	5
30.jpg	11	14
1110.jpg	11	14
3648.jpg	8	9
2165.jpg	5	8
2437.jpg	13	18
2948.jpg	8	9
2820.jpg	3	5
2903.jpg	4	7
2749.jpg	10	20
2119.jpg	7	1
1873.jpg	13	9
627.jpg	8	6
1916.jpg	13	17
1260.jpg	3	5
3517.jpg	13	18
3099.jpg	7	1
3968.jpg	10	20
1681.jpg	3	20
2199.jpg	13	16
1319.jpg	7	1
1177.jpg	13	18
636.jpg	13	17
3234.jpg	13	15
3065.jpg	5	8
1831.jpg	13	1
3827.jpg	8	6
1790.jpg	11	14
944.jpg	4	11
2421.jpg	3	20
567.jpg	8	6
3563.jpg	4	7
1612.jpg	8	6
3704.jpg	4	11
2534.jpg	13	15
2548.jpg	8	9
637.jpg	13	18
3576.jpg	13	17
3465.jpg	5	8
1250.jpg	11	14
560.jpg	3	5
1064.jpg	4	11
2078.jpg	13	20
3312.jpg	13	6
3843.jpg	4	7
234.jpg	13	15
2541.jpg	3	20
365.jpg	5	8
3408.jpg	8	9
2917.jpg	13	18
949.jpg	10	20
1208.jpg	13	9
2802.jpg	4	2
3629.jpg	10	20
1624.jpg	4	11
2784.jpg	4	11
1234.jpg	13	15
2920.jpg	3	5
2814.jpg	13	15
2221.jpg	3	20
2428.jpg	8	9
3723.jpg	4	7
2977.jpg	13	18
615.jpg	13	16
2691.jpg	13	1
3595.jpg	13	16
1890.jpg	11	14
1268.jpg	8	9
2227.jpg	8	6
2925.jpg	5	8
2870.jpg	11	14
3192.jpg	13	6
2480.jpg	3	5
3060.jpg	3	5
1318.jpg	13	20
2012.jpg	13	6
186.jpg	7	20
3612.jpg	13	16
2086.jpg	7	20
587.jpg	8	6
3660.jpg	3	5
1429.jpg	10	20
3164.jpg	4	11
2372.jpg	13	6
3353.jpg	13	9
272.jpg	13	6
3458.jpg	13	20
2716.jpg	13	17
1557.jpg	13	18
3469.jpg	10	20
231.jpg	13	1
2565.jpg	5	8
3872.jpg	13	6
3005.jpg	5	8
1788.jpg	8	9
1327.jpg	8	6
1997.jpg	13	18
2509.jpg	10	20
1311.jpg	13	1
2276.jpg	13	17
2439.jpg	7	1
1817.jpg	13	18
3306.jpg	7	20
1312.jpg	13	6
3975.jpg	13	17
2063.jpg	4	7
3343.jpg	4	7
932.jpg	13	15
3782.jpg	4	2
635.jpg	13	16
2817.jpg	13	18
955.jpg	13	16
3583.jpg	4	7
3768.jpg	8	9
3856.jpg	13	17
1493.jpg	13	9
3771.jpg	13	15
1063.jpg	4	7
3696.jpg	13	17
1020.jpg	3	5
3142.jpg	4	2
373.jpg	13	9
1938.jpg	13	20
3713.jpg	13	6
939.jpg	7	1
796.jpg	13	17
3073.jpg	13	9
3015.jpg	13	16
2149.jpg	10	20
171.jpg	13	1
35.jpg	13	16
172.jpg	13	6
3345.jpg	5	8
3774.jpg	13	15
2727.jpg	8	6
1430.jpg	11	14
2728.jpg	8	9
3850.jpg	11	14
313.jpg	13	6
2723.jpg	4	7
1669.jpg	10	20
256.jpg	13	17
848.jpg	8	9
691.jpg	13	1
2640.jpg	3	5
2847.jpg	8	6
2001.jpg	3	20
1721.jpg	3	20
972.jpg	13	6
2046.jpg	7	20
305.jpg	5	8
3907.jpg	8	6
2846.jpg	7	20
1620.jpg	3	5
565.jpg	5	8
2406.jpg	7	20
3589.jpg	10	20
3578.jpg	13	20
1287.jpg	8	6
1811.jpg	13	1
2872.jpg	13	6
1505.jpg	5	8
826.jpg	7	20
1447.jpg	8	6
211.jpg	13	1
3953.jpg	13	9
76.jpg	13	20
1904.jpg	4	11
889.jpg	10	20
375.jpg	13	16
1026.jpg	7	20
1233.jpg	13	9
2529.jpg	10	20
133.jpg	13	9
2667.jpg	8	6
1782.jpg	4	2
2621.jpg	3	20
1040.jpg	3	5
1243.jpg	4	7
2612.jpg	13	6
1130.jpg	11	14
2190.jpg	11	14
1857.jpg	13	18
2435.jpg	13	16
1198.jpg	13	20
3329.jpg	10	20
3681.jpg	3	20
3334.jpg	13	17
1432.jpg	13	6
2909.jpg	10	20
1229.jpg	10	20
1621.jpg	3	20
2855.jpg	13	17
3779.jpg	7	1
2442.jpg	4	2
3197.jpg	13	18
1484.jpg	4	11
1979.jpg	7	1
2981.jpg	3	20
1274.jpg	13	15
868.jpg	8	9
2213.jpg	13	9
3054.jpg	13	15
2483.jpg	4	7
2383.jpg	4	7
2597.jpg	13	18
2039.jpg	7	1
861.jpg	3	20
745.jpg	5	8
1905.jpg	5	8
412.jpg	13	6
1389.jpg	10	20
724.jpg	4	11
3056.jpg	13	17
3.jpg	4	7
3813.jpg	13	9
327.jpg	8	6
1891.jpg	13	1
3441.jpg	3	20
3743.jpg	4	7
2889.jpg	10	20
509.jpg	10	20
611.jpg	13	1
2173.jpg	13	9
507.jpg	8	6
913.jpg	13	9
2244.jpg	4	11
213.jpg	13	9
3272.jpg	13	6
1133.jpg	13	9
1832.jpg	13	9
2560.jpg	3	5
1708.jpg	8	9
3680.jpg	3	5
3379.jpg	7	1
1642.jpg	4	2
1132.jpg	13	6
3321.jpg	3	20
3203.jpg	4	7
280.jpg	3	5
2619.jpg	7	1
3222.jpg	4	2
1600.jpg	3	5
413.jpg	13	9
125.jpg	5	8
3873.jpg	7	20
3028.jpg	8	9
988.jpg	8	9
254.jpg	13	15
3193.jpg	13	9
2571.jpg	13	1
830.jpg	11	14
3664.jpg	4	11
2521.jpg	3	20
846.jpg	7	20
1942.jpg	4	2
966.jpg	7	20
3599.jpg	7	1
3593.jpg	13	9
2102.jpg	4	2
3361.jpg	3	20
3822.jpg	4	2
3394.jpg	13	15
2500.jpg	3	5
1113.jpg	13	9
2826.jpg	7	20
962.jpg	4	2
3580.jpg	3	5
1822.jpg	4	2
1069.jpg	10	20
2829.jpg	10	20
3287.jpg	8	6
2281.jpg	3	20
3154.jpg	13	15
243.jpg	4	7
483.jpg	4	7
184.jpg	4	11
1358.jpg	13	20
196.jpg	13	6
3898.jpg	13	20
1861.jpg	3	20
2392.jpg	13	6
2693.jpg	13	9
1970.jpg	11	14
227.jpg	8	6
3332.jpg	13	17
1171.jpg	13	1
2543.jpg	4	7
2569.jpg	10	20
164.jpg	4	11
1395.jpg	13	16
2660.jpg	3	5
1705.jpg	5	8
3569.jpg	10	20
148.jpg	8	9
1972.jpg	13	6
3324.jpg	4	11
3845.jpg	5	8
3138.jpg	13	20
3102.jpg	4	2
2253.jpg	13	9
1896.jpg	13	17
3747.jpg	8	6
3914.jpg	13	15
623.jpg	4	7
475.jpg	13	16
3327.jpg	8	6
942.jpg	4	2
1469.jpg	10	20
1217.jpg	13	18
3866.jpg	7	20
218.jpg	13	20
1227.jpg	8	6
374.jpg	13	15
1065.jpg	5	8
3430.jpg	11	14
1179.jpg	7	1
1698.jpg	13	20
3083.jpg	4	2
2522.jpg	4	2
3209.jpg	10	20
2065.jpg	5	8
3404.jpg	4	11
3778.jpg	13	20
2475.jpg	13	16
2659.jpg	7	1
2042.jpg	4	2
2602.jpg	4	2
3874.jpg	13	15
1399.jpg	7	1
3217.jpg	13	18
1872.jpg	13	6
3847.jpg	8	6
1754.jpg	13	15
1003.jpg	4	7
1330.jpg	11	14
3440.jpg	3	5
806.jpg	7	20
3146.jpg	7	20
3659.jpg	7	1
3815.jpg	13	16
3625.jpg	5	8
72.jpg	7	1
1719.jpg	7	20
1342.jpg	4	2
832.jpg	13	6
3579.jpg	7	1
2007.jpg	8	6
3139.jpg	7	1
1245.jpg	5	8
759.jpg	7	1
800.jpg	3	5
2069.jpg	10	20
1396.jpg	13	15
1425.jpg	5	8
3665.jpg	5	8
1639.jpg	7	1
344.jpg	4	11
1645.jpg	5	8
2524.jpg	4	11
2797.jpg	13	18
1098.jpg	13	20
3428.jpg	8	9
1746.jpg	7	20
415.jpg	13	16
263.jpg	4	7
1772.jpg	13	6
3557.jpg	13	18
2138.jpg	13	20
202.jpg	4	2
2594.jpg	13	15
3970.jpg	13	1
571.jpg	13	1
699.jpg	7	1
3628.jpg	8	9
111.jpg	13	1
3651.jpg	13	1
2556.jpg	13	17
3239.jpg	7	1
1340.jpg	3	5
3429.jpg	10	20
3104.jpg	4	11
1989.jpg	10	20
2662.jpg	4	2
2371.jpg	13	15
769.jpg	10	20
2021.jpg	3	20
3215.jpg	13	16
3482.jpg	4	2
762.jpg	4	2
3728.jpg	8	9
1155.jpg	13	16
675.jpg	13	17
3823.jpg	4	7
193.jpg	13	9
1029.jpg	10	20
2808.jpg	8	9
188.jpg	8	9
85.jpg	5	8
1390.jpg	11	14
3206.jpg	7	20
3202.jpg	4	2
3610.jpg	11	14
1576.jpg	13	17
3313.jpg	13	9
3426.jpg	7	20
3235.jpg	13	16
420.jpg	3	5
2689.jpg	10	20
214.jpg	13	15
1663.jpg	4	7
1298.jpg	13	20
664.jpg	4	11
3422.jpg	4	2
740.jpg	3	5
1795.jpg	13	16
1103.jpg	4	7
1883.jpg	4	7
2938.jpg	13	20
355.jpg	13	16
474.jpg	13	15
3241.jpg	3	20
1907.jpg	8	6
3445.jpg	5	8
1665.jpg	5	8
2058.jpg	13	20
1386.jpg	7	20
2818.jpg	13	20
511.jpg	13	1
106.jpg	7	20
358.jpg	13	20
1382.jpg	4	2
3904.jpg	4	11
904.jpg	4	11
2041.jpg	3	20
1738.jpg	13	20
508.jpg	8	9
2470.jpg	11	14
3354.jpg	13	15
3156.jpg	13	17
1567.jpg	8	6
3355.jpg	13	16
1125.jpg	5	8
3788.jpg	8	9
2254.jpg	13	15
2364.jpg	4	11
3305.jpg	5	8
2986.jpg	7	20
2677.jpg	13	18
3886.jpg	7	20
2530.jpg	11	14
1366.jpg	7	20
411.jpg	13	1
1734.jpg	13	15
3358.jpg	13	20
167.jpg	8	6
2615.jpg	13	16
814.jpg	8	6
318.jpg	13	20
3711.jpg	13	1
2643.jpg	4	7
416.jpg	13	17
3000.jpg	3	5
294.jpg	13	15
1991.jpg	13	1
3691.jpg	13	1
3741.jpg	3	20
3942.jpg	4	2
1594.jpg	13	15
1230.jpg	11	14
1912.jpg	13	6
2877.jpg	13	18
3558.jpg	13	20
3485.jpg	5	8
3731.jpg	13	1
2129.jpg	10	20
3833.jpg	13	9
154.jpg	13	15
1619.jpg	7	1
2169.jpg	10	20
3504.jpg	4	11
3071.jpg	13	1
2971.jpg	13	1
3988.jpg	13	9
337.jpg	13	18
3143.jpg	4	7
2996.jpg	13	16
2300.jpg	3	5
1002.jpg	4	2
1329.jpg	10	20
3790.jpg	11	14
3491.jpg	13	1
878.jpg	13	20
3221.jpg	3	20
3639.jpg	7	1
1221.jpg	3	20
1848.jpg	8	9
1965.jpg	5	8
2370.jpg	11	14
3326.jpg	7	20
3996.jpg	13	20
485.jpg	5	8
738.jpg	13	20
2185.jpg	5	8
1927.jpg	8	6
3489.jpg	10	20
1635.jpg	13	16
1136.jpg	13	17
3266.jpg	7	20
472.jpg	13	6
3834.jpg	13	1
2527.jpg	8	6
1410.jpg	11	14
3132.jpg	13	9
2051.jpg	13	1
347.jpg	8	6
3524.jpg	4	11
2688.jpg	8	9
2225.jpg	5	8
2654.jpg	13	15
1923.jpg	4	7
2781.jpg	3	20
1295.jpg	13	16
1805.jpg	5	8
1887.jpg	8	6
3373.jpg	13	9
726.jpg	7	20
1615.jpg	13	16
2844.jpg	4	11
1371.jpg	13	6
3069.jpg	10	20
834.jpg	13	15
568.jpg	8	9
1007.jpg	8	6
854.jpg	13	15
2762.jpg	4	2
930.jpg	11	14
660.jpg	3	5
3928.jpg	8	9
2510.jpg	11	14
2471.jpg	13	1
3905.jpg	5	8
658.jpg	13	20
801.jpg	3	20
1082.jpg	4	2
1726.jpg	7	20
332.jpg	13	6
3749.jpg	10	20
94.jpg	13	15
1849.jpg	10	20
3165.jpg	5	8
741.jpg	3	20
2215.jpg	13	16
859.jpg	7	1
1607.jpg	8	6
3059.jpg	7	1
49.jpg	10	20
2651.jpg	13	1
548.jpg	8	9
3830.jpg	11	14
1460.jpg	3	5
3510.jpg	11	14
2552.jpg	13	6
1475.jpg	13	17
1044.jpg	4	11
2760.jpg	3	5
2547.jpg	8	6
2150.jpg	11	14
302.jpg	4	2
2248.jpg	8	9
3720.jpg	3	5
2268.jpg	8	6
2139.jpg	7	1
549.jpg	10	20
512.jpg	13	6
3588.jpg	8	9
776.jpg	13	17
3232.jpg	13	6
1228.jpg	8	9
1538.jpg	13	20
2120.jpg	3	5
3318.jpg	13	20
911.jpg	13	1
557.jpg	13	18
1553.jpg	13	9
1586.jpg	7	20
2307.jpg	8	6
1844.jpg	4	11
2819.jpg	7	1
342.jpg	4	2
1517.jpg	13	18
1947.jpg	8	6
1195.jpg	13	16
2348.jpg	8	9
851.jpg	13	1
192.jpg	13	6
3604.jpg	4	11
3416.jpg	13	17
3140.jpg	3	5
2997.jpg	13	18
3151.jpg	13	1
2974.jpg	13	15
149.jpg	10	20
2580.jpg	3	5
2771.jpg	13	1
1285.jpg	5	8
2561.jpg	3	20
1854.jpg	13	15
1102.jpg	4	2
3400.jpg	3	5
749.jpg	10	20
2043.jpg	4	7
2446.jpg	7	20
825.jpg	5	8
2732.jpg	13	6
1778.jpg	13	20
2375.jpg	13	16
781.jpg	3	20
178.jpg	13	20
1543.jpg	4	7
883.jpg	4	7
2743.jpg	4	7
2184.jpg	4	11
1587.jpg	8	6
1334.jpg	13	9
3476.jpg	13	17
2374.jpg	13	16
1507.jpg	8	6
2194.jpg	13	18
3296.jpg	13	17
1582.jpg	4	2
3415.jpg	13	16
542.jpg	4	2
279.jpg	7	1
2105.jpg	5	8
3991.jpg	13	9
3865.jpg	5	8
1212.jpg	13	6
3976.jpg	13	18
2890.jpg	11	14
945.jpg	5	8
1123.jpg	4	7
3237.jpg	13	18
2452.jpg	7	1
187.jpg	8	6
2090.jpg	11	14
2059.jpg	7	1
562.jpg	4	2
3067.jpg	8	6
572.jpg	8	6
339.jpg	7	1
1079.jpg	7	1
47.jpg	8	6
2999.jpg	7	20
1326.jpg	7	20
269.jpg	10	20
3671.jpg	13	1
900.jpg	3	5
1414.jpg	13	20
1617.jpg	13	18
1631.jpg	13	1
3085.jpg	5	8
3106.jpg	7	20
93.jpg	13	9
3789.jpg	10	20
1379.jpg	7	1
3080.jpg	3	5
1662.jpg	4	2
893.jpg	13	9
3689.jpg	10	20
2130.jpg	11	14
977.jpg	13	18
3921.jpg	3	20
3919.jpg	7	1
872.jpg	13	6
136.jpg	13	17
3136.jpg	13	17
2175.jpg	13	16
645.jpg	5	8
2555.jpg	13	16
3617.jpg	13	18
2644.jpg	4	11
3946.jpg	7	20
1741.jpg	3	20
1186.jpg	7	20
1127.jpg	8	6
2121.jpg	3	20
3744.jpg	4	11
1692.jpg	13	18
2519.jpg	7	1
3899.jpg	7	1
2474.jpg	13	15
3633.jpg	13	9
3497.jpg	13	18
3214.jpg	13	15
458.jpg	13	20
3535.jpg	13	16
3008.jpg	8	9
2302.jpg	4	2
2359.jpg	13	6
950.jpg	11	14
855.jpg	13	16
506.jpg	7	20
3548.jpg	8	9
2331.jpg	13	1
2748.jpg	8	9
1087.jpg	8	6
450.jpg	11	14
2099.jpg	7	1
2694.jpg	13	15
2004.jpg	4	11
2040.jpg	3	5
3817.jpg	13	16
492.jpg	13	6
1030.jpg	11	14
849.jpg	10	20
2132.jpg	13	6
3667.jpg	8	6
1420.jpg	3	5
2092.jpg	13	17
1480.jpg	3	5
2376.jpg	13	17
1009.jpg	10	20
716.jpg	13	6
2669.jpg	10	20
545.jpg	5	8
1254.jpg	13	15
1148.jpg	13	9
3338.jpg	13	20
2360.jpg	3	5
1350.jpg	11	14
2062.jpg	4	2
1086.jpg	7	20
2998.jpg	13	20
3248.jpg	8	9
3645.jpg	5	8
1291.jpg	13	1
326.jpg	7	20
3475.jpg	13	16
1091.jpg	13	1
3101.jpg	3	20
2211.jpg	13	1
251.jpg	13	1
2412.jpg	7	1
3935.jpg	13	16
1084.jpg	4	11
3347.jpg	8	6
687.jpg	7	1
45.jpg	5	8
3864.jpg	4	11
3507.jpg	8	6
1816.jpg	13	17
956.jpg	13	17
3109.jpg	10	20
3421.jpg	3	20
2608.jpg	8	9
908.jpg	8	9
1524.jpg	4	11
1477.jpg	13	18
3094.jpg	13	15
1383.jpg	4	7
827.jpg	8	6
235.jpg	13	16
2488.jpg	8	9
2209.jpg	10	20
422.jpg	4	2
3516.jpg	13	17
121.jpg	3	20
1966.jpg	7	20
1597.jpg	13	18
3858.jpg	13	20
2287.jpg	8	6
2153.jpg	13	9
335.jpg	13	16
1796.jpg	13	17
3261.jpg	3	20
684.jpg	4	11
1745.jpg	5	8
393.jpg	13	6
1839.jpg	7	1
2387.jpg	8	6
2405.jpg	5	8
592.jpg	13	6
3356.jpg	13	20
1115.jpg	13	16
1451.jpg	13	1
1496.jpg	13	17
3194.jpg	13	15
3814.jpg	13	15
3309.jpg	10	20
559.jpg	7	1
3130.jpg	11	14
2886.jpg	7	20
755.jpg	13	16
3007.jpg	8	6
631.jpg	13	1
2714.jpg	13	1
2912.jpg	13	1
3120.jpg	3	5
3759.jpg	7	1
406.jpg	7	20
1166.jpg	7	20
1671.jpg	13	1
502.jpg	4	2
3839.jpg	7	1
486.jpg	7	20
1397.jpg	13	18
3292.jpg	13	6
1672.jpg	13	6
2217.jpg	13	18
634.jpg	13	15
2323.jpg	4	7
1740.jpg	3	5
2827.jpg	8	6
1715.jpg	13	16
2867.jpg	8	6
2109.jpg	10	20
1806.jpg	7	20
481.jpg	3	20
1138.jpg	13	17
1908.jpg	8	9
3829.jpg	10	20
2381.jpg	3	20
1929.jpg	10	20
1448.jpg	8	9
629.jpg	10	20
330.jpg	11	14
345.jpg	5	8
3947.jpg	8	6
909.jpg	10	20
3891.jpg	13	1
1157.jpg	13	18
2562.jpg	4	2
2008.jpg	8	9
3478.jpg	13	20
1512.jpg	13	6
3943.jpg	4	7
2695.jpg	13	16
2393.jpg	13	9
785.jpg	5	8
2800.jpg	3	5
1678.jpg	13	20
336.jpg	13	20
671.jpg	13	1
1224.jpg	4	11
3993.jpg	13	16
3653.jpg	8	9
1045.jpg	5	8
3520.jpg	3	5
1657.jpg	13	18
2316.jpg	13	17
3010.jpg	11	14
3615.jpg	13	16
3293.jpg	13	9
1339.jpg	7	1
3238.jpg	13	20
1595.jpg	13	16
3187.jpg	8	6
3365.jpg	5	8
349.jpg	10	20
3447.jpg	8	6
722.jpg	4	2
2708.jpg	13	9
2641.jpg	3	20
3752.jpg	13	6
1116.jpg	13	17
3861.jpg	3	20
2164.jpg	4	11
1771.jpg	13	1
3964.jpg	5	8
3336.jpg	13	17
1733.jpg	13	9
833.jpg	13	9
767.jpg	8	6
1258.jpg	13	20
790.jpg	11	14
1821.jpg	3	20
1117.jpg	13	18
2630.jpg	11	14
2735.jpg	13	16
621.jpg	3	20
3133.jpg	13	9
1718.jpg	13	20
3479.jpg	7	1
697.jpg	13	18
926.jpg	7	20
1703.jpg	4	7
1540.jpg	3	5
3923.jpg	4	2
971.jpg	13	1
1108.jpg	8	9
2246.jpg	7	20
2789.jpg	10	20
1960.jpg	3	5
3967.jpg	8	9
1368.jpg	8	9
3954.jpg	13	15
1494.jpg	13	15
723.jpg	4	7
348.jpg	8	9
1262.jpg	4	2
381.jpg	3	20
3051.jpg	13	1
1526.jpg	7	20
3670.jpg	11	14
3544.jpg	4	11
2106.jpg	7	20
643.jpg	4	7
3534.jpg	13	16
2572.jpg	13	6
3044.jpg	4	11
3611.jpg	13	1
356.jpg	13	17
538.jpg	13	20
2678.jpg	13	20
3709.jpg	10	20
875.jpg	13	16
1969.jpg	10	20
14.jpg	13	15
1874.jpg	13	15
74.jpg	13	15
3172.jpg	13	6
3962.jpg	4	7
3047.jpg	8	6
3840.jpg	3	5
2575.jpg	13	16
284.jpg	4	11
248.jpg	8	9
1815.jpg	13	16
3538.jpg	13	20
3384.jpg	4	11
198.jpg	13	20
3837.jpg	13	18
2849.jpg	10	20
478.jpg	13	20
3570.jpg	11	14
1004.jpg	4	11
1878.jpg	13	20
1365.jpg	5	8
1840.jpg	3	5
632.jpg	13	6
3751.jpg	13	1
281.jpg	3	20
1085.jpg	5	8
2259.jpg	7	1
2002.jpg	4	2
1129.jpg	10	20
3064.jpg	4	11
2945.jpg	5	8
3299.jpg	7	1
2587.jpg	8	6
651.jpg	13	1
3092.jpg	8	6
1372.jpg	13	6
1964.jpg	4	11
2464.jpg	4	11
1807.jpg	8	6
2511.jpg	13	1
648.jpg	8	9
7.jpg	8	6
1220.jpg	3	5
2733.jpg	13	9
1402.jpg	4	2
1471.jpg	13	1
1077.jpg	13	18
1191.jpg	13	1
362.jpg	4	2
385.jpg	5	8
1436.jpg	13	17
3882.jpg	4	2
521.jpg	3	20
3949.jpg	10	20
1018.jpg	13	20
1609.jpg	10	20
516.jpg	13	17
2610.jpg	11	14
2868.jpg	8	9
2118.jpg	13	20
1797.jpg	13	18
3546.jpg	7	20
3243.jpg	4	7
2828.jpg	8	9
3294.jpg	13	15
1174.jpg	13	15
1193.jpg	13	9
1023.jpg	4	7
3836.jpg	13	1
895.jpg	13	16
1033.jpg	13	9
1137.jpg	13	18
3352.jpg	13	6
1343.jpg	4	7
1673.jpg	13	6
736.jpg	13	17
1744.jpg	4	11
119.jpg	7	1
3726.jpg	7	20
1248.jpg	8	9
137.jpg	13	1
2658.jpg	13	20
3619.jpg	7	1
3708.jpg	8	9
2970.jpg	11	14
2170.jpg	11	14
267.jpg	8	6
1278.jpg	13	20
2642.jpg	4	2
170.jpg	11	14
1833.jpg	13	9
1696.jpg	13	17
3153.jpg	13	9
2061.jpg	3	20
1835.jpg	13	16
3145.jpg	5	8
903.jpg	4	7
2788.jpg	8	9
3098.jpg	13	20
1825.jpg	5	8
2592.jpg	13	6
2444.jpg	4	11
153.jpg	13	6
2198.jpg	13	20
3251.jpg	13	1
2656.jpg	13	17
301.jpg	3	20
689.jpg	10	20
123.jpg	4	7
174.jpg	13	15
1522.jpg	4	2
1175.jpg	13	16
1152.jpg	13	6
1630.jpg	11	14
479.jpg	7	1
277.jpg	13	18
860.jpg	3	5
1810.jpg	11	14
3174.jpg	13	15
2111.jpg	13	1
3913.jpg	13	6
2930.jpg	11	14
113.jpg	13	9
756.jpg	13	17
2117.jpg	13	18
3012.jpg	13	6
1051.jpg	13	1
539.jpg	7	1
2313.jpg	13	9
1886.jpg	7	20
2777.jpg	13	18
255.jpg	13	16
2885.jpg	5	8
2614.jpg	13	15
2038.jpg	13	20
363.jpg	4	7
1292.jpg	13	6
376.jpg	13	17
3468.jpg	8	9
3284.jpg	4	11
3276.jpg	13	17
2003.jpg	4	7
1944.jpg	4	11
3740.jpg	3	5
425.jpg	5	8
3004.jpg	4	11
3522.jpg	4	2
139.jpg	7	1
3286.jpg	7	20
1315.jpg	13	16
2736.jpg	13	17
3820.jpg	3	5
2774.jpg	13	15
2050.jpg	11	14
1769.jpg	10	20
1147.jpg	8	6
432.jpg	13	6
3885.jpg	5	8
59.jpg	7	1
2990.jpg	11	14
928.jpg	8	9
2176.jpg	13	17
3259.jpg	7	1
540.jpg	3	5
1362.jpg	4	2
2152.jpg	13	6
2776.jpg	13	17
705.jpg	5	8
564.jpg	4	11
1767.jpg	8	6
3852.jpg	13	6
969.jpg	10	20
1303.jpg	4	7
1828.jpg	8	9
898.jpg	13	20
1547.jpg	8	6
543.jpg	4	7
322.jpg	4	2
359.jpg	7	1
131.jpg	13	1
3800.jpg	3	5
2927.jpg	8	6
768.jpg	8	9
1280.jpg	3	5
967.jpg	8	6
2947.jpg	8	6
2067.jpg	8	6
377.jpg	13	18
2218.jpg	13	20
1162.jpg	13	15
398.jpg	13	20
873.jpg	5	8
2620.jpg	3	5
2324.jpg	4	11
1378.jpg	13	20
809.jpg	10	20
1751.jpg	13	1
3811.jpg	13	1
1296.jpg	13	17
2861.jpg	3	20
2309.jpg	10	20
161.jpg	3	20
3769.jpg	10	20
1394.jpg	13	15
3240.jpg	3	5
2944.jpg	4	11
1792.jpg	13	6
54.jpg	13	15
3969.jpg	11	14
935.jpg	13	16
1483.jpg	4	7
1481.jpg	3	20
561.jpg	3	20
746.jpg	7	20
1114.jpg	13	15
3011.jpg	13	1
614.jpg	13	15
1015.jpg	13	17
677.jpg	13	18
401.jpg	3	20
2314.jpg	13	15
2234.jpg	13	15
3274.jpg	13	15
3435.jpg	13	16
2613.jpg	13	9
3386.jpg	7	20
2979.jpg	7	1
1476.jpg	13	17
709.jpg	10	20
1814.jpg	13	15
578.jpg	13	20
1173.jpg	13	9
364.jpg	4	11
238.jpg	13	20
734.jpg	13	15
3620.jpg	3	5
2863.jpg	4	7
3207.jpg	8	6
3205.jpg	5	8
1606.jpg	7	20
1910.jpg	11	14
104.jpg	4	11
4.jpg	4	11
606.jpg	7	20
3690.jpg	11	14
3213.jpg	13	9
126.jpg	7	20
1641.jpg	3	20
2729.jpg	10	20
2598.jpg	13	20
2995.jpg	13	16
452.jpg	13	20
2883.jpg	4	7
3627.jpg	8	6
3655.jpg	13	16
2315.jpg	13	16
3556.jpg	13	17
3553.jpg	13	9
1948.jpg	8	9
1183.jpg	4	7
2241.jpg	3	20
3798.jpg	13	20
2759.jpg	7	1
1998.jpg	13	20
36.jpg	13	15
1251.jpg	13	1
3738.jpg	13	20
731.jpg	13	1
1801.jpg	3	20
1584.jpg	4	11
1112.jpg	13	6
1495.jpg	13	16
2336.jpg	13	20
3702.jpg	4	2
276.jpg	13	17
340.jpg	3	5
3474.jpg	13	15
707.jpg	8	6
644.jpg	4	11
998.jpg	13	20
975.jpg	13	16
589.jpg	10	20
503.jpg	4	7
3032.jpg	13	16
1231.jpg	13	6
2339.jpg	7	1
2188.jpg	13	9
2745.jpg	5	8
3787.jpg	8	6
963.jpg	4	7
2107.jpg	8	6
3191.jpg	13	1
793.jpg	13	9
3190.jpg	11	14
2123.jpg	4	7
1521.jpg	3	20
1187.jpg	8	6
2113.jpg	13	9
2892.jpg	13	6
1440.jpg	3	5
2224.jpg	4	11
2559.jpg	7	1
2222.jpg	4	2
2052.jpg	13	6
2212.jpg	13	6
3117.jpg	13	18
2915.jpg	13	16
1066.jpg	7	1
1256.jpg	13	17
1178.jpg	13	20
3043.jpg	4	7
290.jpg	11	14
2601.jpg	3	20
1556.jpg	13	17
2262.jpg	4	2
1501.jpg	3	20
1568.jpg	8	9
3863.jpg	4	7
1921.jpg	3	20
2468.jpg	8	9
207.jpg	8	6
616.jpg	13	16
453.jpg	13	9
494.jpg	13	15
3756.jpg	13	17
105.jpg	5	8
179.jpg	7	1
480.jpg	3	5
1046.jpg	7	20
2506.jpg	7	20
127.jpg	8	6
3909.jpg	10	20
943.jpg	4	7
2208.jpg	8	9
2704.jpg	4	11
3271.jpg	13	1
2036.jpg	13	17
655.jpg	13	16
2016.jpg	13	17
1776.jpg	13	17
993.jpg	8	6
2874.jpg	13	15
3552.jpg	13	6
504.jpg	4	11
3242.jpg	4	2
366.jpg	7	20
563.jpg	4	7
152.jpg	13	15
2672.jpg	13	15
60.jpg	3	5
2171.jpg	13	1
703.jpg	4	7
500.jpg	3	5
2980.jpg	3	5
29.jpg	10	20
3586.jpg	7	20
3835.jpg	13	16
1192.jpg	13	6
3105.jpg	5	8
230.jpg	11	14
3944.jpg	4	11
3249.jpg	10	20
3267.jpg	8	6
1141.jpg	3	20
791.jpg	13	1
324.jpg	4	11
1126.jpg	7	20
89.jpg	10	20
585.jpg	5	8
3903.jpg	4	7
3894.jpg	13	15
90.jpg	11	14
1226.jpg	7	20
3880.jpg	3	5
3529.jpg	10	20
2682.jpg	4	2
3889.jpg	10	20
3514.jpg	13	15
1922.jpg	4	2
435.jpg	13	16
3470.jpg	11	14
2908.jpg	8	9
3141.jpg	3	20
1075.jpg	13	16
2255.jpg	13	16
929.jpg	10	20
1415.jpg	13	16
3167.jpg	8	6
1478.jpg	13	20
2072.jpg	13	6
2696.jpg	13	17
382.jpg	4	2
3987.jpg	10	20
590.jpg	11	14
247.jpg	8	6
490.jpg	11	14
65.jpg	5	8
554.jpg	13	15
3870.jpg	11	14
1456.jpg	13	17
484.jpg	4	11
2496.jpg	13	17
528.jpg	8	9
3523.jpg	4	7
2585.jpg	5	8
3181.jpg	3	20
2400.jpg	3	5
2409.jpg	10	20
2582.jpg	4	2
3434.jpg	13	15
1842.jpg	4	2
2553.jpg	13	9
1210.jpg	11	14
1.jpg	3	20
2816.jpg	13	17
1988.jpg	8	9
2812.jpg	13	6
11.jpg	13	1
2354.jpg	13	6
3915.jpg	13	16
1060.jpg	3	5
1058.jpg	13	20
3575.jpg	13	16
1261.jpg	3	20
2838.jpg	13	20
2965.jpg	5	8
3406.jpg	7	20
56.jpg	13	17
3452.jpg	13	6
2424.jpg	4	11
2950.jpg	11	14
3897.jpg	13	18
2804.jpg	4	11
2356.jpg	13	17
1361.jpg	3	20
396.jpg	13	17
1787.jpg	8	6
3536.jpg	13	17
2841.jpg	3	20
1289.jpg	10	20
2907.jpg	8	6
182.jpg	4	2
2451.jpg	13	1
3981.jpg	4	7
1122.jpg	4	2
1558.jpg	13	20
1509.jpg	10	20
817.jpg	13	18
2984.jpg	4	11
1577.jpg	13	18
3733.jpg	13	9
1161.jpg	3	20
3601.jpg	3	20
3245.jpg	5	8
1984.jpg	4	11
2893.jpg	13	9
3407.jpg	8	6
138.jpg	13	20
1980.jpg	3	5
1758.jpg	13	20
3566.jpg	7	20
2124.jpg	4	11
1747.jpg	8	6
3455.jpg	13	16
3090.jpg	11	14
3115.jpg	13	16
3678.jpg	13	20
165.jpg	5	8
3582.jpg	4	2
2233.jpg	13	9
1963.jpg	4	7
3118.jpg	13	20
3668.jpg	8	9
2357.jpg	13	18
954.jpg	13	15
3244.jpg	4	11
3609.jpg	10	20
919.jpg	7	1
905.jpg	5	8
1913.jpg	13	6
3300.jpg	3	5
694.jpg	13	15
1564.jpg	4	11
3697.jpg	13	18
1593.jpg	13	9
2068.jpg	8	9
1370.jpg	11	14
3992.jpg	13	15
2823.jpg	4	7
1581.jpg	3	20
2865.jpg	5	8
3291.jpg	13	1
460.jpg	3	5
2933.jpg	13	1
91.jpg	13	1
2347.jpg	8	6
159.jpg	7	1
2773.jpg	13	9
2455.jpg	13	16
2692.jpg	13	6
2625.jpg	5	8
1106.jpg	7	20
2558.jpg	13	20
625.jpg	5	8
595.jpg	13	16
978.jpg	13	20
3230.jpg	11	14
3693.jpg	13	9
1489.jpg	10	20
3340.jpg	3	5
3201.jpg	3	20
2232.jpg	13	6
642.jpg	13	17
1930.jpg	11	14
304.jpg	4	11
3958.jpg	13	20
683.jpg	4	7
2085.jpg	5	8
1347.jpg	8	6
2549.jpg	10	20
296.jpg	13	17
2295.jpg	13	16
3049.jpg	10	20
773.jpg	13	9
3810.jpg	11	14
1392.jpg	13	6
311.jpg	13	1
2834.jpg	13	15
1532.jpg	13	9
3934.jpg	13	15
1694.jpg	13	15
2833.jpg	13	9
2417.jpg	13	18
1338.jpg	13	20
867.jpg	8	6
1674.jpg	13	15
3161.jpg	3	20
2252.jpg	13	6
2540.jpg	3	5
1614.jpg	13	15
1011.jpg	13	1
1781.jpg	3	20
293.jpg	13	9
262.jpg	4	2
209.jpg	10	20
3311.jpg	13	1
3204.jpg	4	11
2321.jpg	3	20
1374.jpg	13	15
3644.jpg	4	11
1901.jpg	3	20
1737.jpg	13	18
1305.jpg	5	8
1223.jpg	4	7
1348.jpg	8	9
713.jpg	13	9
2539.jpg	7	1
1101.jpg	3	20
2243.jpg	4	7
1470.jpg	11	14
3444.jpg	4	11
1723.jpg	4	7
555.jpg	13	16
291.jpg	13	1
1605.jpg	5	8
2963.jpg	4	7
487.jpg	8	6
2737.jpg	13	18
3076.jpg	13	20
3264.jpg	4	11
1150.jpg	11	14
2186.jpg	7	20
3821.jpg	3	20
2030.jpg	11	14
1242.jpg	4	2
638.jpg	13	20
3551.jpg	13	1
2961.jpg	3	20
2275.jpg	13	16
2034.jpg	13	15
2172.jpg	13	6
1571.jpg	13	1
390.jpg	11	14
3549.jpg	10	20
574.jpg	13	15
2133.jpg	13	9
1142.jpg	4	2
1202.jpg	4	2
2329.jpg	10	20
156.jpg	13	20
783.jpg	4	7
3490.jpg	11	14
3320.jpg	3	5
1511.jpg	13	1
3957.jpg	13	18
1083.jpg	4	7
2284.jpg	4	11
3495.jpg	13	16
2653.jpg	13	9
2795.jpg	13	16
2174.jpg	13	15
1611.jpg	13	1
715.jpg	13	16
916.jpg	13	17
2767.jpg	8	6
2423.jpg	4	7
3541.jpg	3	20
477.jpg	13	18
32.jpg	13	6
1076.jpg	13	17
864.jpg	4	11
1869.jpg	10	20
2538.jpg	13	20
3036.jpg	13	17
3170.jpg	11	14
3501.jpg	3	20
2334.jpg	13	15
1685.jpg	5	8
312.jpg	13	6
3568.jpg	8	9
1863.jpg	4	7
947.jpg	8	6
3841.jpg	3	20
476.jpg	13	17
299.jpg	7	1
3911.jpg	13	1
3013.jpg	13	9
3481.jpg	3	20
287.jpg	8	6
2783.jpg	4	7
1433.jpg	13	9
21.jpg	3	20
936.jpg	13	17
3157.jpg	13	18
3676.jpg	13	17
1037.jpg	13	18
3431.jpg	13	1
2006.jpg	7	20
3518.jpg	13	20
976.jpg	13	20
380.jpg	3	5
2131.jpg	13	1
1384.jpg	4	11
201.jpg	3	20
2422.jpg	4	2
2902.jpg	4	2
591.jpg	13	1
177.jpg	13	18
1111.jpg	13	1
3776.jpg	13	17
391.jpg	13	1
2897.jpg	13	18
1038.jpg	13	20
1049.jpg	10	20
3448.jpg	8	9
3103.jpg	4	7
653.jpg	13	20
619.jpg	7	1
3902.jpg	4	2
3727.jpg	8	6
2032.jpg	13	6
1693.jpg	13	9
1050.jpg	11	14
1728.jpg	8	9
386.jpg	7	20
1027.jpg	8	6
1742.jpg	4	7
630.jpg	11	14
2596.jpg	13	16
3685.jpg	5	8
2914.jpg	13	15
147.jpg	8	6
1656.jpg	13	17
1465.jpg	5	8
1238.jpg	13	20
1880.jpg	3	5
961.jpg	3	20
1958.jpg	13	20
2291.jpg	13	1
2460.jpg	3	5
144.jpg	4	11
1054.jpg	13	15
242.jpg	4	2
811.jpg	13	1
1536.jpg	13	17
2436.jpg	13	17
836.jpg	13	17
1569.jpg	10	20
333.jpg	13	9
2747.jpg	8	6
1197.jpg	13	18
2888.jpg	8	9
2876.jpg	13	17
3739.jpg	7	1
2410.jpg	11	14
2772.jpg	13	6
204.jpg	4	11
3649.jpg	10	20
1333.jpg	13	9
2148.jpg	8	9
681.jpg	3	20
2389.jpg	10	20
1357.jpg	13	18
2545.jpg	5	8
384.jpg	4	11
2634.jpg	13	15
2505.jpg	5	8
2717.jpg	13	18
2822.jpg	4	2
798.jpg	13	20
3068.jpg	8	9
423.jpg	4	7
1253.jpg	13	9
2752.jpg	13	6
298.jpg	13	20
61.jpg	3	20
1269.jpg	10	20
3022.jpg	4	2
2764.jpg	4	11
1159.jpg	7	1
1442.jpg	4	2
15.jpg	13	16
1367.jpg	8	6
1453.jpg	13	9
1824.jpg	4	11
2349.jpg	10	20
466.jpg	7	20
2285.jpg	5	8
1232.jpg	13	6
2952.jpg	13	6
421.jpg	3	20
225.jpg	5	8
2454.jpg	13	15
2020.jpg	3	5
2015.jpg	13	16
805.jpg	5	8
514.jpg	13	1
569.jpg	10	20
3436.jpg	13	17
2161.jpg	3	20
1599.jpg	7	1
2045.jpg	5	8
2665.jpg	5	8
2794.jpg	13	15
3797.jpg	13	18
2290.jpg	11	14
1219.jpg	7	1
2964.jpg	4	11
1858.jpg	13	20
3765.jpg	5	8
3278.jpg	13	20
3314.jpg	13	1
1808.jpg	8	9
639.jpg	7	1
1290.jpg	11	14
2650.jpg	11	14
20.jpg	3	5
3195.jpg	13	16
1551.jpg	13	1
3537.jpg	13	18
114.jpg	13	15
2523.jpg	4	7
2956.jpg	13	16
3357.jpg	13	18
1482.jpg	4	2
940.jpg	3	5
869.jpg	10	20
2156.jpg	13	17
3001.jpg	3	20
3188.jpg	8	9
2937.jpg	13	18
3952.jpg	13	6
2352.jpg	13	6
2077.jpg	13	18
331.jpg	13	1
2627.jpg	8	6
191.jpg	13	1
1992.jpg	13	6
2724.jpg	4	11
3525.jpg	5	8
1735.jpg	13	16
1351.jpg	13	1
2940.jpg	3	5
3887.jpg	8	6
46.jpg	7	20
2859.jpg	7	1
1070.jpg	11	14
3058.jpg	13	20
163.jpg	4	7
2976.jpg	13	17
2075.jpg	13	16
882.jpg	4	2
1464.jpg	4	11
2891.jpg	13	1
2698.jpg	13	17
3846.jpg	7	20
2622.jpg	4	2
688.jpg	8	9
2100.jpg	3	5
3281.jpg	3	20
317.jpg	13	18
3147.jpg	8	6
865.jpg	5	8
3819.jpg	7	1
1041.jpg	3	20
2404.jpg	4	11
3089.jpg	10	20
128.jpg	8	9
2066.jpg	7	20
3423.jpg	4	7
2573.jpg	13	9
3451.jpg	13	1
1485.jpg	5	8
620.jpg	3	5
1427.jpg	8	6
537.jpg	13	18
2143.jpg	4	7
3963.jpg	4	11
1341.jpg	3	20
2097.jpg	13	18
2566.jpg	7	20
3519.jpg	7	1
3890.jpg	11	14
2351.jpg	13	1
536.jpg	13	17
3977.jpg	13	20
3252.jpg	13	6
2192.jpg	13	6
3417.jpg	13	18
2718.jpg	13	20
78.jpg	13	20
1092.jpg	13	9
1722.jpg	4	2
3842.jpg	4	2
1302.jpg	4	2
1135.jpg	13	16
219.jpg	7	1
1373.jpg	13	9
3405.jpg	5	8
3900.jpg	3	5
2024.jpg	4	11
1632.jpg	13	6
2076.jpg	13	17
1700.jpg	3	5
899.jpg	7	1
2905.jpg	5	8
2014.jpg	13	15
447.jpg	8	6
918.jpg	13	20
226.jpg	7	1
1416.jpg	13	17
3512.jpg	13	6
2837.jpg	13	18
1426.jpg	7	20
831.jpg	13	1
132.jpg	13	6
3319.jpg	13	6
2830.jpg	11	14
2518.jpg	13	20
1709.jpg	10	20
1668.jpg	8	9
2223.jpg	4	7
1946.jpg	7	20
1214.jpg	13	15
3158.jpg	13	20
1809.jpg	10	20
2600.jpg	3	5
588.jpg	8	9
2240.jpg	3	5
116.jpg	13	17
884.jpg	4	11
27.jpg	8	6
1380.jpg	3	5
28.jpg	8	9
1651.jpg	13	1
3701.jpg	3	20
577.jpg	13	18
2635.jpg	13	16
719.jpg	7	1
496.jpg	13	17
2666.jpg	7	20
1554.jpg	13	15
1579.jpg	7	1
2813.jpg	13	9
3884.jpg	4	11
1422.jpg	4	2
1862.jpg	4	2
665.jpg	5	8
2680.jpg	3	5
3868.jpg	8	9
3799.jpg	7	1
582.jpg	4	2
3344.jpg	4	11
1851.jpg	13	1
3250.jpg	11	14
229.jpg	10	20
3464.jpg	4	11
3737.jpg	13	18
1096.jpg	13	17
288.jpg	8	9
624.jpg	4	11
552.jpg	13	1
141.jpg	3	20
1438.jpg	13	20
1010.jpg	11	14
2277.jpg	13	18
2385.jpg	5	8
3624.jpg	4	11
1712.jpg	13	6
757.jpg	13	18
2631.jpg	13	1
2278.jpg	13	20
646.jpg	7	20
37.jpg	13	18
1563.jpg	4	7
1537.jpg	13	18
1785.jpg	5	8
786.jpg	7	20
1527.jpg	8	6
1727.jpg	8	6
3017.jpg	13	18
1702.jpg	4	2
3254.jpg	13	15
2906.jpg	7	20
1986.jpg	7	20
3279.jpg	7	1
499.jpg	7	1
2726.jpg	7	20
2763.jpg	4	7
403.jpg	4	7
197.jpg	13	18
2929.jpg	10	20
3982.jpg	4	11
3879.jpg	7	1
3135.jpg	13	16
1768.jpg	8	9
3218.jpg	13	20
260.jpg	3	5
3972.jpg	13	9
1014.jpg	13	15
1812.jpg	13	17
3066.jpg	7	20
628.jpg	8	9
1860.jpg	3	5
1443.jpg	4	7
1649.jpg	10	20
2913.jpg	13	9
3706.jpg	7	20
1804.jpg	4	11
1676.jpg	13	17
457.jpg	13	18
1281.jpg	3	20
8.jpg	8	9
751.jpg	13	1
1957.jpg	13	18
1323.jpg	4	7
3110.jpg	11	14
1573.jpg	13	9
264.jpg	4	11
1920.jpg	3	5
3419.jpg	7	1
779.jpg	7	1
2401.jpg	3	20
3152.jpg	13	6
1561.jpg	3	20
822.jpg	4	2
1146.jpg	7	20
1643.jpg	4	7
392.jpg	13	6
1306.jpg	7	20
1107.jpg	8	6
3129.jpg	10	20
735.jpg	13	16
1118.jpg	13	20
1535.jpg	13	16
3748.jpg	8	9
1583.jpg	4	7
3893.jpg	13	9
1628.jpg	8	9
728.jpg	8	9
3602.jpg	4	2
2960.jpg	3	5
3398.jpg	13	20
409.jpg	10	20
3166.jpg	7	20
2516.jpg	13	17
3016.jpg	13	17
2957.jpg	13	1
1498.jpg	13	20
1924.jpg	4	11
2756.jpg	13	17
2900.jpg	3	5
818.jpg	13	20
3936.jpg	13	17
3724.jpg	4	11
1562.jpg	4	2
2155.jpg	13	16
43.jpg	4	7
84.jpg	4	11
257.jpg	13	18
3411.jpg	13	1
1875.jpg	13	16
3277.jpg	13	18
1544.jpg	4	11
2166.jpg	7	20
266.jpg	7	20
66.jpg	7	20
2456.jpg	13	15
2018.jpg	13	20
3562.jpg	4	2
2754.jpg	13	15
1560.jpg	3	5
2096.jpg	13	15
1013.jpg	13	9
2832.jpg	13	6
968.jpg	8	9
1601.jpg	3	20
1802.jpg	4	2
249.jpg	10	20
946.jpg	7	20
874.jpg	13	6
2426.jpg	7	20
2346.jpg	7	20
3657.jpg	13	18
2866.jpg	7	20
1472.jpg	13	6
1057.jpg	13	18
597.jpg	13	18
1200.jpg	3	5
3692.jpg	13	20
3392.jpg	13	6
673.jpg	13	9
3290.jpg	11	14
1661.jpg	3	20
2005.jpg	5	8
541.jpg	3	20
799.jpg	7	1
979.jpg	7	1
2147.jpg	8	6
1783.jpg	4	7
2609.jpg	10	20
1104.jpg	4	11
1959.jpg	7	1
633.jpg	13	9
3134.jpg	13	15
1686.jpg	7	20
145.jpg	5	8
1834.jpg	13	15
2362.jpg	4	2
1446.jpg	7	20
292.jpg	13	9
3940.jpg	3	5
985.jpg	5	8
3608.jpg	8	9
2719.jpg	7	1
2910.jpg	11	14
3567.jpg	8	6
2453.jpg	13	9
180.jpg	3	5
2294.jpg	13	15
3024.jpg	4	11
2839.jpg	7	1
2326.jpg	7	20
95.jpg	13	16
1759.jpg	7	1
3506.jpg	7	20
142.jpg	4	2
2831.jpg	13	1
2639.jpg	7	1
1714.jpg	13	15
3672.jpg	13	6
3374.jpg	13	15
3113.jpg	13	9
1652.jpg	13	6
2858.jpg	13	20
2270.jpg	11	14
2394.jpg	4	2
1276.jpg	13	17
2595.jpg	13	16
3053.jpg	13	9
3916.jpg	13	17
3223.jpg	4	7
2337.jpg	13	18
2568.jpg	8	9
1710.jpg	11	14
970.jpg	11	14
1667.jpg	8	6
1951.jpg	13	1
3126.jpg	7	20
885.jpg	5	8
803.jpg	4	7
2578.jpg	13	20
3750.jpg	11	14
3380.jpg	3	5
134.jpg	13	15
2741.jpg	3	20
1953.jpg	13	9
744.jpg	4	11
888.jpg	8	9
1354.jpg	13	15
617.jpg	13	18
2499.jpg	7	1
402.jpg	4	2
456.jpg	13	17
2033.jpg	13	9
3758.jpg	13	20
2856.jpg	13	17
1971.jpg	13	1
13.jpg	13	6
2373.jpg	13	9
3322.jpg	4	2
2341.jpg	3	20
3100.jpg	3	5
1363.jpg	4	7
194.jpg	13	15
894.jpg	13	6
2533.jpg	13	9
370.jpg	11	14
419.jpg	7	1
3745.jpg	5	8
2586.jpg	7	20
3564.jpg	4	11
3462.jpg	4	2
657.jpg	13	18
1995.jpg	13	16
1089.jpg	10	20
346.jpg	7	20
2214.jpg	13	15
2328.jpg	8	9
1078.jpg	13	20
795.jpg	13	16
774.jpg	13	15
2378.jpg	13	20
2286.jpg	7	20
2942.jpg	4	2
1043.jpg	4	7
1604.jpg	4	11
3461.jpg	3	20
601.jpg	3	20
397.jpg	13	18
1034.jpg	13	15
233.jpg	13	9
1881.jpg	3	20
649.jpg	10	20
1497.jpg	13	18
3527.jpg	8	6
1925.jpg	5	8
3682.jpg	4	2
3812.jpg	8	9
2335.jpg	13	16
1508.jpg	8	9
679.jpg	7	1
2271.jpg	13	1
1218.jpg	13	20
2878.jpg	13	20
2441.jpg	3	20
3642.jpg	4	2
1779.jpg	7	1
1203.jpg	4	7
1591.jpg	13	1
3149.jpg	10	20
3669.jpg	10	20
51.jpg	13	15
3258.jpg	13	20
289.jpg	10	20
1455.jpg	13	16
2344.jpg	4	11
610.jpg	11	14
1533.jpg	13	9
2896.jpg	13	17
1176.jpg	13	17
948.jpg	8	9
341.jpg	3	20
3860.jpg	3	5
778.jpg	13	20
1182.jpg	4	2
3687.jpg	8	6
3906.jpg	7	20
1081.jpg	3	20
378.jpg	13	20
3323.jpg	4	7
3598.jpg	13	20
3662.jpg	4	2
1627.jpg	8	6
2967.jpg	8	6
2618.jpg	13	20
941.jpg	3	20
1313.jpg	13	9
3755.jpg	13	16
2835.jpg	13	16
388.jpg	8	9
1170.jpg	11	14
250.jpg	11	14
389.jpg	10	20
1618.jpg	13	20
1647.jpg	8	6
3929.jpg	10	20
3378.jpg	13	20
3721.jpg	3	20
2796.jpg	13	17
2604.jpg	4	11
2875.jpg	13	16
802.jpg	4	2
3088.jpg	8	9
2918.jpg	13	20
1353.jpg	13	9
3734.jpg	13	15
3826.jpg	7	20
937.jpg	13	18
1105.jpg	5	8
1565.jpg	5	8
353.jpg	13	9
1870.jpg	11	14
3034.jpg	13	15
3348.jpg	8	9
2332.jpg	13	6
3896.jpg	13	17
915.jpg	13	16
3673.jpg	13	9
3331.jpg	13	1
1679.jpg	7	1
2310.jpg	11	14
931.jpg	13	1
3307.jpg	8	6
2445.jpg	5	8
1897.jpg	13	18
1239.jpg	7	1
424.jpg	4	11
2413.jpg	13	9
3804.jpg	4	11
1241.jpg	3	20
2880.jpg	3	5
3854.jpg	13	15
2081.jpg	3	20
3168.jpg	8	9
2425.jpg	5	8
1684.jpg	4	11
2489.jpg	10	20
3020.jpg	3	5
2782.jpg	4	2
3753.jpg	13	9
3705.jpg	5	8
427.jpg	8	6
1786.jpg	7	20
1249.jpg	10	20
2411.jpg	13	1
86.jpg	7	20
1954.jpg	13	15
2821.jpg	3	20
115.jpg	13	16
996.jpg	13	17
1056.jpg	13	17
1578.jpg	13	20
770.jpg	11	14
1962.jpg	4	2
3483.jpg	4	7
1534.jpg	8	9
2853.jpg	13	9
2742.jpg	4	2
3346.jpg	7	20
2330.jpg	11	14
429.jpg	10	20
2157.jpg	13	18
3831.jpg	13	1
550.jpg	11	14
3828.jpg	8	9
2264.jpg	4	11
9.jpg	10	20
3592.jpg	13	6
2206.jpg	7	20
685.jpg	5	8
2247.jpg	8	6
3851.jpg	13	1
431.jpg	13	1
1732.jpg	13	6
2458.jpg	13	20
3746.jpg	7	20
3656.jpg	13	17
3780.jpg	3	5
2591.jpg	13	1
2013.jpg	13	9
3635.jpg	13	16
455.jpg	13	16
2791.jpg	13	1
1273.jpg	8	9
912.jpg	13	6
2011.jpg	13	1
3945.jpg	5	8
1360.jpg	3	5
252.jpg	13	6
3509.jpg	10	20
2836.jpg	13	17
2676.jpg	13	17
245.jpg	5	8
3333.jpg	13	9
842.jpg	4	2
2122.jpg	4	2
2725.jpg	5	8
1813.jpg	13	9
87.jpg	8	6
1180.jpg	3	5
2272.jpg	13	9
3773.jpg	13	9
2204.jpg	4	11
1706.jpg	7	20
3003.jpg	4	7
3198.jpg	13	20
3273.jpg	13	9
3526.jpg	7	20
441.jpg	3	20
3857.jpg	13	18
2082.jpg	4	2
3918.jpg	13	20
2269.jpg	10	20
668.jpg	8	9
1154.jpg	13	15
2931.jpg	13	1
379.jpg	7	1
1871.jpg	13	1
3832.jpg	13	6
2432.jpg	13	17
2646.jpg	7	20
498.jpg	13	20
1730.jpg	11	14
871.jpg	13	1
2080.jpg	3	5
2083.jpg	4	7
3637.jpg	13	18
821.jpg	3	20
999.jpg	7	1
3607.jpg	8	6
3486.jpg	7	20
3270.jpg	11	14
3231.jpg	13	1
2491.jpg	13	1
1344.jpg	4	11
3325.jpg	5	8
1864.jpg	4	11
2098.jpg	13	20
810.jpg	11	14
1664.jpg	4	11
1352.jpg	13	6
1088.jpg	8	9
3298.jpg	13	20
488.jpg	8	9
804.jpg	4	11
2305.jpg	5	8
1867.jpg	8	6
3973.jpg	13	15
1391.jpg	13	1
1356.jpg	13	17
2260.jpg	3	5
1457.jpg	13	18
1836.jpg	13	17
3046.jpg	7	20
3927.jpg	8	6
2584.jpg	4	11
3959.jpg	3	5
2840.jpg	3	5
3939.jpg	7	1
579.jpg	7	1
711.jpg	13	1
2462.jpg	4	2
216.jpg	13	17
205.jpg	5	8
2715.jpg	13	6
2966.jpg	7	20
2477.jpg	13	18
1902.jpg	4	2
618.jpg	13	20
1071.jpg	13	1
2361.jpg	3	20
92.jpg	13	6
952.jpg	13	6
647.jpg	8	6
1711.jpg	13	1
870.jpg	11	14
3853.jpg	13	9
2053.jpg	13	9
5.jpg	5	8
1818.jpg	13	20
1486.jpg	7	20
2628.jpg	8	9
109.jpg	10	20
1683.jpg	4	7
2438.jpg	13	20
3542.jpg	4	2
748.jpg	8	9
3956.jpg	13	1
2363.jpg	4	7
224.jpg	4	11
190.jpg	11	14
2366.jpg	7	20
108.jpg	8	9
2860.jpg	3	5
2570.jpg	11	14
286.jpg	7	20
3638.jpg	13	20
1052.jpg	13	6
210.jpg	11	14
1167.jpg	8	6
3256.jpg	13	17
3304.jpg	4	11
2652.jpg	13	6
3565.jpg	5	8
1149.jpg	10	20
2983.jpg	4	7
3573.jpg	13	9
2261.jpg	3	20
1001.jpg	3	20
2025.jpg	5	8
2536.jpg	13	17
891.jpg	13	1
3931.jpg	13	1
3317.jpg	13	18
2968.jpg	8	9
1282.jpg	4	2
2514.jpg	13	15
501.jpg	3	20
2780.jpg	3	5
2256.jpg	13	17
1841.jpg	3	20
2709.jpg	10	20
169.jpg	10	20
2293.jpg	11	14
2554.jpg	13	15
2414.jpg	13	15
1140.jpg	3	5
3632.jpg	13	6
3781.jpg	3	20
1845.jpg	5	8
1879.jpg	7	1
55.jpg	13	16
83.jpg	4	7
1539.jpg	7	1
2975.jpg	13	16
3163.jpg	4	7
1016.jpg	13	17
2183.jpg	4	7
3513.jpg	13	9
2201.jpg	3	20
690.jpg	11	14
593.jpg	13	9
2532.jpg	13	6
1915.jpg	13	16
1934.jpg	13	15
1750.jpg	11	14
2108.jpg	8	9
3413.jpg	13	9
2710.jpg	11	14
2312.jpg	13	6
2391.jpg	13	1
1035.jpg	13	16
1205.jpg	5	8
3125.jpg	5	8
3654.jpg	13	15
3042.jpg	4	2
2283.jpg	4	7
1528.jpg	8	9
650.jpg	11	14
523.jpg	4	7
934.jpg	13	15
847.jpg	8	6
31.jpg	13	1
2220.jpg	3	5
2094.jpg	13	15
2939.jpg	7	1
3114.jpg	13	17
3511.jpg	13	1
824.jpg	4	11
1160.jpg	3	5
3091.jpg	13	17
237.jpg	13	18
2280.jpg	3	5
2026.jpg	7	20
3255.jpg	13	16
3316.jpg	13	17
2497.jpg	13	18
2.jpg	4	2
1978.jpg	13	20
1019.jpg	7	1
1906.jpg	7	20
3409.jpg	10	20
2463.jpg	4	7
3574.jpg	13	15
2793.jpg	13	9
1843.jpg	4	7
1006.jpg	7	20
1449.jpg	10	20
2973.jpg	13	9
984.jpg	4	11
784.jpg	4	11
1401.jpg	3	20
3984.jpg	7	20
1585.jpg	5	8
1791.jpg	13	1
3262.jpg	4	2
1856.jpg	13	17
2932.jpg	13	6
3337.jpg	13	18
761.jpg	3	20
2857.jpg	13	18
258.jpg	13	20
3082.jpg	4	2
2017.jpg	13	18
24.jpg	4	11
2228.jpg	8	9
3282.jpg	4	2
1022.jpg	4	2
1310.jpg	11	14
195.jpg	13	16
3086.jpg	7	20
1024.jpg	4	11
1275.jpg	13	16
400.jpg	3	5
1314.jpg	13	15
69.jpg	10	20
2229.jpg	10	20
742.jpg	4	2
3173.jpg	13	9
1439.jpg	7	1
1670.jpg	11	14
1919.jpg	7	1
2304.jpg	4	11
1572.jpg	13	6
1739.jpg	7	1
2390.jpg	11	14
158.jpg	13	20
2852.jpg	13	6
3079.jpg	7	1
1032.jpg	13	6
1247.jpg	8	9
2843.jpg	4	7
3247.jpg	8	6
404.jpg	4	11
3725.jpg	5	8
547.jpg	8	6
3026.jpg	7	20
1961.jpg	3	20
443.jpg	4	7
2126.jpg	7	20
434.jpg	13	15
2125.jpg	5	8
3966.jpg	8	6
352.jpg	13	6
2515.jpg	13	16
1423.jpg	4	7
1199.jpg	7	1
2493.jpg	13	9
3189.jpg	10	20
3039.jpg	7	1
1680.jpg	3	5
3990.jpg	13	6
775.jpg	13	6
44.jpg	4	11
750.jpg	11	14
2787.jpg	8	6
2921.jpg	3	20
982.jpg	4	2
444.jpg	4	11
1222.jpg	4	2
3381.jpg	3	20
700.jpg	3	5
3093.jpg	13	9
2345.jpg	5	8
3295.jpg	13	16
361.jpg	3	20
369.jpg	10	20
3184.jpg	4	11
306.jpg	7	20
3182.jpg	4	2
321.jpg	3	20
2245.jpg	5	8
676.jpg	13	9
532.jpg	13	6
2479.jpg	7	1
241.jpg	3	20
2403.jpg	4	7
3971.jpg	13	15
2567.jpg	8	6
3855.jpg	13	16
1404.jpg	4	11
2388.jpg	8	9
2593.jpg	13	9
2792.jpg	13	6
2899.jpg	7	1
3760.jpg	3	5
2546.jpg	7	20
3545.jpg	5	8
2473.jpg	13	9
1743.jpg	4	7
609.jpg	10	20
1977.jpg	13	18
1894.jpg	13	15
1596.jpg	13	17
2576.jpg	13	17
3185.jpg	5	8
2023.jpg	4	7
2296.jpg	13	17
3063.jpg	4	7
467.jpg	8	6
3335.jpg	13	16
3869.jpg	10	20
3803.jpg	4	7
2985.jpg	5	8
2901.jpg	3	20
3339.jpg	7	1
974.jpg	13	15
1061.jpg	3	20
3268.jpg	8	9
2055.jpg	13	16
553.jpg	13	9
3199.jpg	7	1
2512.jpg	13	6
3674.jpg	13	15
2430.jpg	11	14
1335.jpg	13	16
2084.jpg	4	11
2144.jpg	4	11
0.jpg	3	5
228.jpg	8	9
3070.jpg	11	14
3735.jpg	13	17
1575.jpg	13	16
1376.jpg	13	17
3761.jpg	3	20
2303.jpg	4	7
1463.jpg	13	15
1059.jpg	7	1
765.jpg	5	8
371.jpg	13	1
3643.jpg	4	7
1317.jpg	13	18
666.jpg	7	20
526.jpg	7	20
3901.jpg	3	20
1882.jpg	4	2
140.jpg	3	5
3985.jpg	8	6
3030.jpg	11	14
897.jpg	13	18
3663.jpg	4	7
2019.jpg	7	1
1012.jpg	13	6
2633.jpg	13	9
777.jpg	13	18
2623.jpg	4	7
221.jpg	3	20
1707.jpg	8	6
3876.jpg	13	17
1240.jpg	3	5
3528.jpg	8	9
877.jpg	13	18
1300.jpg	3	5
189.jpg	10	20
1445.jpg	5	8
2706.jpg	7	20
2282.jpg	4	2
2904.jpg	4	11
176.jpg	13	17
3236.jpg	13	17
2647.jpg	8	6
520.jpg	3	5
2226.jpg	7	20
3425.jpg	5	8
295.jpg	13	16
1748.jpg	8	9
1634.jpg	13	6
1297.jpg	13	18
1444.jpg	4	11
3457.jpg	13	18
3370.jpg	11	14
2711.jpg	13	1
1431.jpg	13	1
3376.jpg	13	20
1847.jpg	8	6
1437.jpg	13	18
1324.jpg	4	11
1519.jpg	7	1
964.jpg	4	11
1211.jpg	13	1
309.jpg	10	20
3002.jpg	4	2
1760.jpg	3	5
469.jpg	10	20
3179.jpg	7	1
3587.jpg	8	6
3932.jpg	13	6
780.jpg	3	5
1837.jpg	13	18
1999.jpg	7	1
465.jpg	5	8
2074.jpg	13	15
239.jpg	7	1
844.jpg	4	11
2028.jpg	8	9
3350.jpg	11	14
1072.jpg	13	6
2926.jpg	7	20
2145.jpg	5	8
3641.jpg	3	20
2386.jpg	7	20
1419.jpg	7	1
175.jpg	13	17
607.jpg	8	6
573.jpg	13	9
2292.jpg	13	15
203.jpg	4	7
3983.jpg	5	8
3871.jpg	13	1
2629.jpg	10	20
3640.jpg	3	5
951.jpg	13	1
2881.jpg	3	20
837.jpg	13	18
2484.jpg	4	11
471.jpg	13	1
1156.jpg	13	17
3227.jpg	8	6
1695.jpg	13	16
1504.jpg	4	11
2911.jpg	13	1
1757.jpg	13	1
3618.jpg	13	20
3121.jpg	3	20
2382.jpg	4	2
1644.jpg	4	11
2340.jpg	3	5
732.jpg	13	17
566.jpg	7	20
39.jpg	7	20
2368.jpg	8	9
399.jpg	7	1
522.jpg	4	2
1846.jpg	7	20
2146.jpg	7	20
25.jpg	5	8
3162.jpg	4	2
1293.jpg	13	9
3075.jpg	13	16
3368.jpg	8	9
1021.jpg	3	20
2306.jpg	7	20
957.jpg	13	18
3460.jpg	3	5
2467.jpg	8	6
692.jpg	13	6
3979.jpg	3	20
788.jpg	8	9
3283.jpg	4	7
1555.jpg	13	16
2871.jpg	13	1
706.jpg	7	20
3396.jpg	13	17
265.jpg	5	8
862.jpg	4	2
1502.jpg	4	2
2205.jpg	5	8
3550.jpg	11	14
360.jpg	3	5
3467.jpg	8	6
3666.jpg	7	20
3951.jpg	13	1
107.jpg	8	6
1613.jpg	13	9
2325.jpg	5	8
1888.jpg	8	9
2384.jpg	4	11
314.jpg	13	15
2528.jpg	8	9
1636.jpg	13	17
2274.jpg	7	20
3183.jpg	4	7
3742.jpg	4	2
2537.jpg	13	18
2089.jpg	10	20
2683.jpg	4	7
1336.jpg	13	17
334.jpg	13	15
3360.jpg	3	5
3216.jpg	13	17
1398.jpg	13	20
2317.jpg	13	18
2251.jpg	13	18
3816.jpg	13	17
73.jpg	13	9
3289.jpg	10	20
2988.jpg	8	9
1308.jpg	13	9
2674.jpg	13	15
1990.jpg	11	14
758.jpg	13	20
2842.jpg	4	2
2969.jpg	10	20
2265.jpg	5	8
1364.jpg	4	11
2027.jpg	8	6
1648.jpg	8	9
1244.jpg	4	11
729.jpg	10	20
283.jpg	4	7
2668.jpg	8	9
3675.jpg	13	16
1589.jpg	10	20
10.jpg	11	14
3757.jpg	13	9
2993.jpg	13	9
584.jpg	4	11
2815.jpg	13	17
674.jpg	13	15
3410.jpg	11	14
3938.jpg	13	20
596.jpg	13	17
3048.jpg	8	9
2701.jpg	3	20
3074.jpg	13	15
2434.jpg	13	15
2353.jpg	13	9
2136.jpg	13	17
3777.jpg	13	18
2636.jpg	13	17
2358.jpg	13	20
3530.jpg	11	14
513.jpg	13	9
1284.jpg	4	11
1209.jpg	10	20
2702.jpg	4	2
3062.jpg	4	2
3453.jpg	13	9
418.jpg	13	20
3948.jpg	8	9
3414.jpg	13	15
3442.jpg	4	2
1602.jpg	4	2
3359.jpg	7	1
2934.jpg	13	15
2379.jpg	7	1
3186.jpg	7	20
2159.jpg	7	1
2369.jpg	10	20
2755.jpg	13	16
273.jpg	13	9
505.jpg	5	8
2461.jpg	3	20
206.jpg	7	20
3925.jpg	5	8
3456.jpg	13	17
1513.jpg	13	9
2769.jpg	10	20
1073.jpg	13	9
670.jpg	11	14
2705.jpg	5	8
2466.jpg	7	20
1592.jpg	13	6
387.jpg	8	6
2720.jpg	3	5
3131.jpg	13	1
1559.jpg	13	6
2308.jpg	8	9
3736.jpg	13	17
1408.jpg	8	9
2765.jpg	5	8
2054.jpg	13	15
1407.jpg	8	6
3446.jpg	7	20
1968.jpg	8	9
1375.jpg	13	16
3783.jpg	4	7
1868.jpg	8	9
1042.jpg	4	2
1660.jpg	3	5
856.jpg	13	17
57.jpg	13	18
2380.jpg	3	5
1829.jpg	10	20
2507.jpg	13	15
2419.jpg	7	1
1337.jpg	13	18
3260.jpg	3	5
240.jpg	3	5
3450.jpg	11	14
695.jpg	13	16
3600.jpg	3	5
3594.jpg	13	15
1068.jpg	8	9
2738.jpg	13	20
1503.jpg	4	7
641.jpg	3	20
2685.jpg	5	8
3111.jpg	13	18
1435.jpg	13	16
2010.jpg	11	14
3572.jpg	13	6
2000.jpg	3	5
3848.jpg	8	9
1516.jpg	13	17
1206.jpg	7	20
3808.jpg	8	9
67.jpg	8	6
2864.jpg	4	11
1294.jpg	13	15
1687.jpg	8	6
763.jpg	4	7
661.jpg	3	20
3718.jpg	13	20
2035.jpg	13	16
2753.jpg	13	9
598.jpg	13	20
1028.jpg	8	9
63.jpg	4	7
1067.jpg	8	6
2142.jpg	4	2
2219.jpg	7	1
2440.jpg	3	5
2790.jpg	11	14
3395.jpg	13	16
1932.jpg	13	6
752.jpg	13	6
1900.jpg	3	5
2895.jpg	13	16
3119.jpg	7	1
2070.jpg	11	14
1975.jpg	13	16
19.jpg	7	1
2583.jpg	4	7
2448.jpg	8	9
1777.jpg	13	18
1945.jpg	5	8
303.jpg	4	7
2319.jpg	7	20
2882.jpg	4	2
524.jpg	4	11
1215.jpg	13	16
1616.jpg	13	17
3210.jpg	11	14
1163.jpg	4	7
23.jpg	4	7
297.jpg	13	18
3123.jpg	4	7
2869.jpg	10	20
2703.jpg	4	7
2191.jpg	13	1
989.jpg	10	20
2427.jpg	8	6
1128.jpg	8	9
3225.jpg	5	8
468.jpg	8	9
3710.jpg	11	14
2397.jpg	13	18
1753.jpg	13	9
491.jpg	13	1
1235.jpg	13	16
34.jpg	13	15
3150.jpg	11	14
701.jpg	3	20
448.jpg	8	9
2894.jpg	13	15
3554.jpg	13	15
1518.jpg	13	20
1625.jpg	5	8
3124.jpg	4	11
3031.jpg	13	1
3917.jpg	13	18
604.jpg	4	11
927.jpg	8	6
1764.jpg	4	11
3081.jpg	3	20
1794.jpg	13	15
1109.jpg	10	20
2731.jpg	13	1
3112.jpg	13	15
1675.jpg	13	16
3793.jpg	13	9
3930.jpg	11	14
829.jpg	10	20
2402.jpg	4	2
1933.jpg	13	6
2681.jpg	3	20
1936.jpg	13	17
325.jpg	5	8
3719.jpg	7	1
52.jpg	13	6
1490.jpg	11	14
442.jpg	4	2
1165.jpg	5	8
1263.jpg	4	7
794.jpg	13	15
3862.jpg	4	2
3623.jpg	4	7
1877.jpg	13	18
2195.jpg	13	16
3707.jpg	8	6
727.jpg	8	6
2887.jpg	8	6
17.jpg	13	18
3543.jpg	4	7
2508.jpg	8	9
2311.jpg	13	1
3494.jpg	13	15
3584.jpg	4	11
1473.jpg	13	9
816.jpg	13	6
529.jpg	10	20
3767.jpg	8	6
1820.jpg	3	5
1322.jpg	4	2
3531.jpg	13	1
1265.jpg	5	8
1393.jpg	13	9
2525.jpg	5	8
2739.jpg	7	1
1523.jpg	4	7
40.jpg	3	5
2761.jpg	3	20
1819.jpg	7	1
2485.jpg	5	8
367.jpg	8	6
3212.jpg	13	6
546.jpg	7	20
1976.jpg	13	17
3390.jpg	11	14
22.jpg	4	2
3367.jpg	8	6
493.jpg	13	6
1704.jpg	4	11
3488.jpg	8	9
3226.jpg	7	20
2342.jpg	4	2
151.jpg	13	1
2722.jpg	4	2
3472.jpg	13	6
838.jpg	13	20
3280.jpg	3	5
1025.jpg	5	8
887.jpg	8	6
3019.jpg	7	1
181.jpg	3	20
1941.jpg	3	20
3941.jpg	3	20
766.jpg	7	20
2079.jpg	7	1
372.jpg	13	6
259.jpg	7	1
1548.jpg	8	9
922.jpg	4	2
1852.jpg	13	16
454.jpg	13	15
2606.jpg	7	20
3072.jpg	13	9
3699.jpg	7	1
2589.jpg	10	20
3883.jpg	4	7
328.jpg	8	9
2972.jpg	13	6
2167.jpg	8	6
602.jpg	4	2
3169.jpg	10	20
1304.jpg	4	11
1120.jpg	3	5
924.jpg	4	11
1267.jpg	8	6
2520.jpg	3	5
3375.jpg	13	17
3802.jpg	4	2
1216.jpg	13	17
2803.jpg	4	7
680.jpg	3	5
2093.jpg	13	9
3351.jpg	13	1
789.jpg	10	20
2531.jpg	13	1
3496.jpg	13	17
3561.jpg	3	20
3590.jpg	11	14
3061.jpg	3	20
1955.jpg	13	16
3302.jpg	4	2
1316.jpg	13	17
2249.jpg	10	20
1985.jpg	5	8
958.jpg	13	20
1531.jpg	13	1
3684.jpg	4	11
1911.jpg	13	1
1956.jpg	13	17
316.jpg	13	17
2959.jpg	7	1
994.jpg	13	15
1381.jpg	3	20
232.jpg	13	6
459.jpg	7	1
3791.jpg	13	1
1752.jpg	13	6
3859.jpg	7	1
329.jpg	10	20
1428.jpg	8	9
1189.jpg	10	20
2482.jpg	4	2
3698.jpg	13	20
2978.jpg	13	20
1491.jpg	13	1
1654.jpg	13	15
3116.jpg	13	17
1094.jpg	13	15
3107.jpg	8	6
3308.jpg	8	9
1838.jpg	13	20
1134.jpg	13	15
2115.jpg	13	16
2187.jpg	8	6
461.jpg	3	20
1725.jpg	5	8
586.jpg	7	20
3366.jpg	7	20
772.jpg	13	6
2177.jpg	13	18
3652.jpg	13	6
1799.jpg	7	1
98.jpg	13	20
1461.jpg	3	20
3387.jpg	8	6
1499.jpg	7	1
1266.jpg	7	20
3363.jpg	4	7
103.jpg	4	7
1542.jpg	4	2
1541.jpg	3	20
2645.jpg	5	8
2029.jpg	10	20
41.jpg	3	20
271.jpg	13	1
1996.jpg	13	17
696.jpg	13	17
2579.jpg	7	1
575.jpg	13	16
1935.jpg	13	16
3881.jpg	3	20
1145.jpg	5	8
3228.jpg	8	9
2088.jpg	8	9
1412.jpg	13	6
101.jpg	3	20
866.jpg	7	20
3341.jpg	3	20
3585.jpg	5	8
2989.jpg	10	20
3560.jpg	3	5
933.jpg	13	9
2267.jpg	8	6
2322.jpg	4	2
1853.jpg	13	9
902.jpg	4	2
603.jpg	4	7
2503.jpg	4	7
2141.jpg	3	20
3577.jpg	13	18
1774.jpg	13	15
6.jpg	7	20
223.jpg	4	7
222.jpg	4	2
656.jpg	13	17
3818.jpg	13	20
3087.jpg	8	6
310.jpg	11	14
1201.jpg	3	20
2447.jpg	8	6
3297.jpg	13	18
852.jpg	13	1
3498.jpg	13	20
3487.jpg	8	6
3178.jpg	13	20
3009.jpg	10	20
3477.jpg	13	18
737.jpg	13	18
3418.jpg	13	20
1417.jpg	13	18
1207.jpg	8	6
357.jpg	13	18
3471.jpg	13	1
2160.jpg	3	5
2563.jpg	4	7
3978.jpg	3	5
973.jpg	13	9
3052.jpg	13	6
3581.jpg	3	20
3636.jpg	13	17
2632.jpg	13	6
3926.jpg	7	20
3402.jpg	4	2
835.jpg	13	16
2110.jpg	11	14
3057.jpg	13	18
914.jpg	13	15
464.jpg	4	11
3766.jpg	7	20
2824.jpg	4	11
3427.jpg	8	6
2862.jpg	4	2
200.jpg	3	5
3603.jpg	4	7
3095.jpg	13	16
2699.jpg	7	1
2954.jpg	13	15
2734.jpg	13	6
2450.jpg	11	14
910.jpg	11	14
3208.jpg	8	9
50.jpg	11	14
760.jpg	3	5
3806.jpg	7	20
3924.jpg	4	11
3364.jpg	4	11
383.jpg	4	7
1405.jpg	5	8
718.jpg	13	20
1409.jpg	10	20
3029.jpg	10	20
2649.jpg	10	20
1749.jpg	10	20
3196.jpg	13	20
640.jpg	3	5
2163.jpg	4	7
405.jpg	5	8
3784.jpg	4	11
558.jpg	13	20
2941.jpg	3	20
2087.jpg	8	6
828.jpg	8	9
2551.jpg	13	1
3265.jpg	5	8
2250.jpg	11	14
3383.jpg	4	7
2687.jpg	8	6
1377.jpg	13	18
3716.jpg	13	17
997.jpg	13	18
2535.jpg	13	16
1144.jpg	4	11
1301.jpg	3	20
3372.jpg	13	6
3515.jpg	13	1
533.jpg	13	9
980.jpg	3	5
395.jpg	13	16
2048.jpg	8	9
2605.jpg	5	8
1036.jpg	13	6
739.jpg	7	1
1827.jpg	8	6
1682.jpg	4	2
1859.jpg	7	1
1690.jpg	11	14
2263.jpg	4	7
1736.jpg	13	17
938.jpg	13	20
2916.jpg	13	17
2542.jpg	4	2
2230.jpg	11	14
1789.jpg	10	20
2935.jpg	13	16
3634.jpg	13	15
2758.jpg	13	20
1321.jpg	3	20
2114.jpg	13	15
407.jpg	8	6
1626.jpg	7	20
1468.jpg	8	9
2498.jpg	13	20
2037.jpg	13	18
3772.jpg	13	6
2242.jpg	4	2
892.jpg	13	1
2398.jpg	13	20
2655.jpg	13	16
2599.jpg	7	1
725.jpg	5	8
3805.jpg	5	8
2504.jpg	4	11
3591.jpg	13	1
556.jpg	13	17
1158.jpg	13	20
2231.jpg	13	1
1307.jpg	8	6
2476.jpg	13	17
1765.jpg	5	8
2135.jpg	13	16
754.jpg	13	15
1172.jpg	13	17
2757.jpg	13	18
1688.jpg	8	9
2949.jpg	10	20
1008.jpg	8	9
2671.jpg	13	1
960.jpg	3	5
2338.jpg	13	20
1188.jpg	8	9
426.jpg	7	20
987.jpg	8	6
1252.jpg	13	6
1529.jpg	10	20
3128.jpg	8	9
1937.jpg	13	18
1479.jpg	7	1
3892.jpg	13	6
1246.jpg	7	20
1691.jpg	13	1
3912.jpg	13	6
351.jpg	13	1
315.jpg	13	16
2490.jpg	11	14
2848.jpg	8	9
518.jpg	13	20
1434.jpg	13	15
3867.jpg	8	6
3473.jpg	5	8
199.jpg	7	1
1762.jpg	4	2
2128.jpg	8	9
1031.jpg	13	1
3454.jpg	13	15
3792.jpg	13	6
3539.jpg	7	1
2168.jpg	8	9
2486.jpg	7	20
2469.jpg	10	20
3677.jpg	13	18
881.jpg	3	20
605.jpg	5	8
3661.jpg	3	20
1151.jpg	13	1
1766.jpg	7	20
1899.jpg	7	1
3021.jpg	3	20
3315.jpg	13	17
2343.jpg	4	7
253.jpg	13	9
2590.jpg	11	14
3775.jpg	13	16
473.jpg	13	9
3263.jpg	4	7
1500.jpg	3	5
166.jpg	7	20
2564.jpg	4	11
3688.jpg	8	9
3622.jpg	4	2
858.jpg	13	20
3540.jpg	3	5
3127.jpg	8	6
2279.jpg	7	1
3144.jpg	4	11
278.jpg	13	20
3424.jpg	4	11
16.jpg	13	17
3393.jpg	13	9
3703.jpg	4	2
1525.jpg	5	8
2202.jpg	4	2
3401.jpg	3	20
2798.jpg	13	20
71.jpg	13	1
3342.jpg	4	2
3974.jpg	13	16
525.jpg	5	8
652.jpg	13	6
3877.jpg	13	18
1914.jpg	13	15
2809.jpg	10	20
236.jpg	13	17
2951.jpg	13	1
1345.jpg	5	8
2151.jpg	13	1
2740.jpg	3	5
220.jpg	3	5
2770.jpg	11	14
3171.jpg	13	1
1039.jpg	7	1
173.jpg	13	9
3176.jpg	13	17
2953.jpg	13	1
1450.jpg	11	14
96.jpg	13	17
613.jpg	8	9
698.jpg	13	20
1939.jpg	7	1
1885.jpg	5	8
704.jpg	4	11
1610.jpg	11	14
1622.jpg	4	2
1755.jpg	13	16
1090.jpg	11	14
1194.jpg	13	15
1411.jpg	13	1
3229.jpg	10	20
58.jpg	13	20
953.jpg	13	9
857.jpg	13	18
3399.jpg	7	1
3412.jpg	13	15
2850.jpg	11	14
2367.jpg	8	6
808.jpg	8	9
1204.jpg	4	11
2443.jpg	4	2
3795.jpg	13	16
463.jpg	4	7
3403.jpg	4	7
925.jpg	5	8
3253.jpg	13	9
3041.jpg	3	20
2492.jpg	13	6
1720.jpg	3	5
3175.jpg	13	16
3499.jpg	7	1
986.jpg	7	20
2299.jpg	7	1
876.jpg	13	15
155.jpg	13	16
3695.jpg	13	16
2982.jpg	4	2
