0.jpg	3	5
1.jpg	3	20
2.jpg	4	7
3.jpg	4	7
4.jpg	4	11
5.jpg	5	8
6.jpg	8	9
7.jpg	8	6
8.jpg	11	14
9.jpg	11	14
10.jpg	11	14
11.jpg	13	1
12.jpg	8	9
13.jpg	8	9
14.jpg	13	15
15.jpg	13	16
16.jpg	13	17
17.jpg	13	18
18.jpg	13	20
19.jpg	7	20
20.jpg	3	5
21.jpg	3	20
22.jpg	4	2
23.jpg	4	7
24.jpg	4	11
25.jpg	5	8
26.jpg	7	20
27.jpg	8	9
28.jpg	13	17
29.jpg	13	18
30.jpg	11	14
31.jpg	13	6
32.jpg	13	17
33.jpg	13	9
34.jpg	7	1
35.jpg	13	16
36.jpg	13	17
37.jpg	13	1
38.jpg	13	15
39.jpg	8	9
40.jpg	3	5
41.jpg	3	20
42.jpg	4	11
43.jpg	4	2
44.jpg	4	11
45.jpg	5	8
46.jpg	13	17
47.jpg	8	6
48.jpg	8	9
49.jpg	13	17
50.jpg	11	14
51.jpg	13	15
52.jpg	13	6
53.jpg	13	9
54.jpg	13	17
55.jpg	13	16
56.jpg	13	17
57.jpg	13	18
58.jpg	13	20
59.jpg	8	9
60.jpg	3	5
61.jpg	3	20
62.jpg	4	7
63.jpg	4	7
64.jpg	4	11
65.jpg	5	8
66.jpg	7	20
67.jpg	8	9
68.jpg	8	9
69.jpg	10	20
70.jpg	11	14
71.jpg	13	1
72.jpg	8	9
73.jpg	13	9
74.jpg	7	1
75.jpg	13	16
76.jpg	13	16
77.jpg	13	18
78.jpg	13	20
79.jpg	11	14
80.jpg	3	5
81.jpg	3	20
82.jpg	4	7
83.jpg	4	7
84.jpg	4	11
85.jpg	5	8
86.jpg	8	9
87.jpg	8	6
88.jpg	8	9
89.jpg	8	9
90.jpg	11	14
91.jpg	13	1
92.jpg	13	17
93.jpg	13	9
94.jpg	7	1
95.jpg	13	16
96.jpg	13	17
97.jpg	13	18
98.jpg	13	20
99.jpg	13	9
100.jpg	3	5
101.jpg	3	20
102.jpg	4	2
103.jpg	4	7
104.jpg	4	11
105.jpg	5	8
106.jpg	7	20
107.jpg	8	6
108.jpg	11	14
109.jpg	10	20
110.jpg	3	20
111.jpg	8	9
112.jpg	13	6
113.jpg	13	9
114.jpg	13	15
115.jpg	13	16
116.jpg	13	17
117.jpg	13	18
118.jpg	13	20
119.jpg	8	9
120.jpg	3	5
121.jpg	3	20
122.jpg	4	2
123.jpg	4	7
124.jpg	4	11
125.jpg	5	8
126.jpg	7	1
127.jpg	8	6
128.jpg	8	9
129.jpg	10	20
130.jpg	11	14
131.jpg	13	1
132.jpg	7	1
133.jpg	7	1
134.jpg	13	15
135.jpg	13	15
136.jpg	8	9
137.jpg	13	6
138.jpg	13	20
139.jpg	7	1
140.jpg	3	5
141.jpg	3	20
142.jpg	4	7
143.jpg	4	7
144.jpg	4	11
145.jpg	5	8
146.jpg	10	20
147.jpg	8	6
148.jpg	8	9
149.jpg	10	20
150.jpg	11	14
151.jpg	10	20
152.jpg	8	9
153.jpg	13	9
154.jpg	13	15
155.jpg	13	16
156.jpg	13	17
157.jpg	13	18
158.jpg	13	20
159.jpg	8	9
160.jpg	3	5
161.jpg	3	20
162.jpg	4	7
163.jpg	4	7
164.jpg	4	11
165.jpg	5	8
166.jpg	8	9
167.jpg	8	6
168.jpg	8	9
169.jpg	10	20
170.jpg	11	14
171.jpg	10	20
172.jpg	8	9
173.jpg	13	6
174.jpg	8	9
175.jpg	13	17
176.jpg	13	17
177.jpg	4	7
178.jpg	13	20
179.jpg	8	9
180.jpg	3	5
181.jpg	3	5
182.jpg	4	7
183.jpg	4	7
184.jpg	4	11
185.jpg	5	8
186.jpg	10	20
187.jpg	8	6
188.jpg	8	9
189.jpg	10	20
190.jpg	11	14
191.jpg	13	1
192.jpg	13	17
193.jpg	13	9
194.jpg	13	16
195.jpg	13	16
196.jpg	13	17
197.jpg	13	18
198.jpg	13	20
199.jpg	7	1
200.jpg	3	5
201.jpg	3	20
202.jpg	4	7
203.jpg	4	7
204.jpg	4	11
205.jpg	13	18
206.jpg	13	17
207.jpg	8	6
208.jpg	8	9
209.jpg	10	20
210.jpg	11	14
211.jpg	13	18
212.jpg	13	6
213.jpg	13	9
214.jpg	13	15
215.jpg	13	16
216.jpg	13	17
217.jpg	13	18
218.jpg	13	20
219.jpg	7	1
220.jpg	3	5
221.jpg	3	20
222.jpg	4	7
223.jpg	4	7
224.jpg	4	11
225.jpg	13	18
226.jpg	3	5
227.jpg	8	9
228.jpg	8	9
229.jpg	10	20
230.jpg	11	14
231.jpg	13	1
232.jpg	13	6
233.jpg	13	18
234.jpg	13	15
235.jpg	13	16
236.jpg	13	17
237.jpg	8	9
238.jpg	13	20
239.jpg	8	9
240.jpg	3	5
241.jpg	3	20
242.jpg	4	7
243.jpg	4	7
244.jpg	4	11
245.jpg	5	8
246.jpg	7	20
247.jpg	8	6
248.jpg	8	9
249.jpg	10	20
250.jpg	11	14
251.jpg	13	1
252.jpg	13	6
253.jpg	13	9
254.jpg	13	15
255.jpg	13	16
256.jpg	13	17
257.jpg	13	1
258.jpg	13	20
259.jpg	13	16
260.jpg	3	5
261.jpg	3	20
262.jpg	4	7
263.jpg	4	7
264.jpg	4	7
265.jpg	7	1
266.jpg	7	20
267.jpg	8	6
268.jpg	13	17
269.jpg	10	20
270.jpg	11	14
271.jpg	13	1
272.jpg	13	6
273.jpg	8	9
274.jpg	13	9
275.jpg	13	16
276.jpg	13	17
277.jpg	13	18
278.jpg	13	20
279.jpg	8	6
280.jpg	3	5
281.jpg	3	20
282.jpg	4	7
283.jpg	4	7
284.jpg	4	11
285.jpg	8	9
286.jpg	10	20
287.jpg	8	6
288.jpg	8	9
289.jpg	10	20
290.jpg	11	14
291.jpg	13	18
292.jpg	8	9
293.jpg	13	9
294.jpg	13	9
295.jpg	4	7
296.jpg	13	20
297.jpg	13	18
298.jpg	13	20
299.jpg	8	9
300.jpg	3	5
301.jpg	3	20
302.jpg	13	18
303.jpg	4	7
304.jpg	4	11
305.jpg	13	18
306.jpg	7	20
307.jpg	8	6
308.jpg	8	9
309.jpg	10	20
310.jpg	11	14
311.jpg	5	8
312.jpg	13	16
313.jpg	13	6
314.jpg	13	16
315.jpg	5	8
316.jpg	13	17
317.jpg	13	18
318.jpg	13	20
319.jpg	13	15
320.jpg	3	5
321.jpg	3	20
322.jpg	4	7
323.jpg	4	7
324.jpg	4	11
325.jpg	5	8
326.jpg	7	20
327.jpg	8	6
328.jpg	8	9
329.jpg	10	20
330.jpg	11	14
331.jpg	10	20
332.jpg	10	20
333.jpg	8	9
334.jpg	13	15
335.jpg	13	15
336.jpg	13	17
337.jpg	13	18
338.jpg	13	20
339.jpg	7	1
340.jpg	3	5
341.jpg	3	20
342.jpg	4	2
343.jpg	4	7
344.jpg	4	11
345.jpg	5	8
346.jpg	7	20
347.jpg	8	6
348.jpg	8	9
349.jpg	7	20
350.jpg	11	14
351.jpg	13	1
352.jpg	13	1
353.jpg	8	9
354.jpg	13	20
355.jpg	13	1
356.jpg	8	9
357.jpg	13	18
358.jpg	13	20
359.jpg	7	1
360.jpg	3	5
361.jpg	3	20
362.jpg	4	7
363.jpg	4	7
364.jpg	4	11
365.jpg	5	8
366.jpg	13	1
367.jpg	4	11
368.jpg	10	20
369.jpg	10	20
370.jpg	11	14
371.jpg	7	1
372.jpg	13	1
373.jpg	13	9
374.jpg	7	1
375.jpg	13	16
376.jpg	13	17
377.jpg	13	18
378.jpg	13	15
379.jpg	8	9
380.jpg	3	5
381.jpg	3	20
382.jpg	4	7
383.jpg	4	7
384.jpg	4	11
385.jpg	5	8
386.jpg	10	20
387.jpg	5	8
388.jpg	8	9
389.jpg	10	20
390.jpg	11	14
391.jpg	13	1
392.jpg	13	6
393.jpg	13	16
394.jpg	8	9
395.jpg	13	16
396.jpg	13	17
397.jpg	13	1
398.jpg	13	20
399.jpg	8	9
400.jpg	3	5
401.jpg	3	20
402.jpg	4	7
403.jpg	4	7
404.jpg	4	11
405.jpg	5	8
406.jpg	13	17
407.jpg	8	6
408.jpg	8	9
409.jpg	10	20
410.jpg	11	14
411.jpg	13	6
412.jpg	13	6
413.jpg	13	9
414.jpg	13	15
415.jpg	13	16
416.jpg	13	17
417.jpg	8	9
418.jpg	13	20
419.jpg	7	1
420.jpg	3	5
421.jpg	3	20
422.jpg	4	2
423.jpg	4	7
424.jpg	4	11
425.jpg	5	8
426.jpg	8	9
427.jpg	8	9
428.jpg	8	9
429.jpg	10	20
430.jpg	11	14
431.jpg	13	1
432.jpg	13	17
433.jpg	13	9
434.jpg	13	17
435.jpg	13	18
436.jpg	13	16
437.jpg	13	18
438.jpg	13	20
439.jpg	8	9
440.jpg	3	5
441.jpg	3	20
442.jpg	4	2
443.jpg	4	7
444.jpg	4	11
445.jpg	5	8
446.jpg	7	20
447.jpg	7	1
448.jpg	8	9
449.jpg	10	20
450.jpg	11	14
451.jpg	13	1
452.jpg	13	16
453.jpg	13	15
454.jpg	13	9
455.jpg	13	16
456.jpg	13	17
457.jpg	13	18
458.jpg	13	20
459.jpg	7	1
460.jpg	3	5
461.jpg	3	20
462.jpg	4	7
463.jpg	4	7
464.jpg	4	11
465.jpg	5	8
466.jpg	10	20
467.jpg	8	6
468.jpg	8	9
469.jpg	10	20
470.jpg	11	14
471.jpg	13	1
472.jpg	13	6
473.jpg	8	9
474.jpg	13	15
475.jpg	13	16
476.jpg	13	17
477.jpg	13	18
478.jpg	13	15
479.jpg	8	9
480.jpg	3	5
481.jpg	3	20
482.jpg	4	7
483.jpg	4	7
484.jpg	4	11
485.jpg	5	8
486.jpg	7	20
487.jpg	8	6
488.jpg	8	6
489.jpg	8	9
490.jpg	11	14
491.jpg	11	14
492.jpg	13	16
493.jpg	8	9
494.jpg	13	9
495.jpg	13	16
496.jpg	13	17
497.jpg	13	18
498.jpg	13	20
499.jpg	5	8
500.jpg	3	5
501.jpg	3	20
502.jpg	4	7
503.jpg	4	7
504.jpg	4	11
505.jpg	8	9
506.jpg	7	20
507.jpg	8	6
508.jpg	8	9
509.jpg	10	20
510.jpg	10	20
511.jpg	13	1
512.jpg	13	6
513.jpg	13	15
514.jpg	13	15
515.jpg	13	16
516.jpg	13	17
517.jpg	13	18
518.jpg	13	20
519.jpg	8	9
520.jpg	3	5
521.jpg	3	20
522.jpg	4	2
523.jpg	4	7
524.jpg	4	11
525.jpg	5	8
526.jpg	7	20
527.jpg	8	6
528.jpg	8	9
529.jpg	10	20
530.jpg	11	14
531.jpg	13	1
532.jpg	13	6
533.jpg	8	9
534.jpg	13	6
535.jpg	13	16
536.jpg	13	17
537.jpg	13	15
538.jpg	13	20
539.jpg	8	9
540.jpg	3	5
541.jpg	3	20
542.jpg	4	7
543.jpg	4	7
544.jpg	4	11
545.jpg	13	18
546.jpg	8	9
547.jpg	8	6
548.jpg	7	1
549.jpg	10	20
550.jpg	11	14
551.jpg	13	1
552.jpg	13	9
553.jpg	13	9
554.jpg	13	17
555.jpg	5	8
556.jpg	13	20
557.jpg	13	18
558.jpg	13	15
559.jpg	8	9
560.jpg	3	5
561.jpg	3	20
562.jpg	4	7
563.jpg	13	18
564.jpg	4	11
565.jpg	7	1
566.jpg	7	20
567.jpg	8	6
568.jpg	8	9
569.jpg	10	20
570.jpg	11	14
571.jpg	13	1
572.jpg	8	9
573.jpg	4	11
574.jpg	13	16
575.jpg	13	16
576.jpg	13	17
577.jpg	13	18
578.jpg	13	17
579.jpg	7	1
580.jpg	3	5
581.jpg	3	20
582.jpg	4	2
583.jpg	4	7
584.jpg	4	11
585.jpg	5	8
586.jpg	10	20
587.jpg	13	15
588.jpg	8	9
589.jpg	7	20
590.jpg	11	14
591.jpg	13	18
592.jpg	8	9
593.jpg	13	9
594.jpg	8	9
595.jpg	13	16
596.jpg	13	6
597.jpg	13	18
598.jpg	13	20
599.jpg	7	1
600.jpg	3	20
601.jpg	3	20
602.jpg	4	7
603.jpg	4	7
604.jpg	4	11
605.jpg	8	9
606.jpg	7	20
607.jpg	8	6
608.jpg	8	9
609.jpg	7	20
610.jpg	3	20
611.jpg	13	1
612.jpg	13	6
613.jpg	8	9
614.jpg	7	20
615.jpg	13	16
616.jpg	13	16
617.jpg	13	18
618.jpg	13	20
619.jpg	7	1
620.jpg	3	5
621.jpg	3	20
622.jpg	4	7
623.jpg	4	7
624.jpg	4	11
625.jpg	5	8
626.jpg	8	9
627.jpg	8	6
628.jpg	13	6
629.jpg	10	20
630.jpg	11	14
631.jpg	13	15
632.jpg	13	6
633.jpg	13	9
634.jpg	7	1
635.jpg	13	16
636.jpg	13	17
637.jpg	13	18
638.jpg	13	20
639.jpg	13	9
640.jpg	3	5
641.jpg	3	20
642.jpg	4	2
643.jpg	4	7
644.jpg	4	11
645.jpg	5	8
646.jpg	7	20
647.jpg	8	6
648.jpg	7	1
649.jpg	10	20
650.jpg	11	14
651.jpg	13	1
652.jpg	8	9
653.jpg	13	9
654.jpg	7	1
655.jpg	13	18
656.jpg	13	16
657.jpg	13	18
658.jpg	13	20
659.jpg	7	1
660.jpg	3	5
661.jpg	3	20
662.jpg	4	7
663.jpg	4	7
664.jpg	4	11
665.jpg	4	11
666.jpg	7	20
667.jpg	8	6
668.jpg	8	9
669.jpg	10	20
670.jpg	11	14
671.jpg	13	1
672.jpg	8	9
673.jpg	13	15
674.jpg	7	1
675.jpg	13	17
676.jpg	4	7
677.jpg	13	18
678.jpg	13	20
679.jpg	8	9
680.jpg	3	5
681.jpg	3	20
682.jpg	4	2
683.jpg	4	7
684.jpg	4	11
685.jpg	5	8
686.jpg	7	20
687.jpg	8	9
688.jpg	8	9
689.jpg	10	20
690.jpg	11	14
691.jpg	13	1
692.jpg	7	1
693.jpg	13	18
694.jpg	13	15
695.jpg	13	6
696.jpg	13	17
697.jpg	13	18
698.jpg	13	20
699.jpg	7	20
700.jpg	3	5
701.jpg	3	20
702.jpg	4	11
703.jpg	4	7
704.jpg	4	11
705.jpg	5	8
706.jpg	8	9
707.jpg	8	6
708.jpg	8	9
709.jpg	10	20
710.jpg	8	6
711.jpg	13	1
712.jpg	13	16
713.jpg	8	9
714.jpg	13	15
715.jpg	13	16
716.jpg	13	16
717.jpg	13	18
718.jpg	13	9
719.jpg	7	1
720.jpg	4	11
721.jpg	3	20
722.jpg	4	2
723.jpg	4	7
724.jpg	4	11
725.jpg	5	8
726.jpg	7	20
727.jpg	13	15
728.jpg	8	9
729.jpg	10	20
730.jpg	11	14
731.jpg	13	1
732.jpg	13	17
733.jpg	13	9
734.jpg	13	15
735.jpg	13	16
736.jpg	13	16
737.jpg	13	18
738.jpg	13	20
739.jpg	7	1
740.jpg	3	5
741.jpg	3	20
742.jpg	4	2
743.jpg	4	2
744.jpg	4	11
745.jpg	7	1
746.jpg	7	20
747.jpg	8	6
748.jpg	8	9
749.jpg	10	20
750.jpg	11	14
751.jpg	13	18
752.jpg	8	9
753.jpg	13	9
754.jpg	13	18
755.jpg	13	16
756.jpg	13	17
757.jpg	13	18
758.jpg	13	20
759.jpg	8	9
760.jpg	3	5
761.jpg	3	20
762.jpg	4	7
763.jpg	4	7
764.jpg	4	11
765.jpg	5	8
766.jpg	7	20
767.jpg	8	6
768.jpg	8	9
769.jpg	10	20
770.jpg	11	14
771.jpg	13	6
772.jpg	13	9
773.jpg	13	15
774.jpg	13	15
775.jpg	13	16
776.jpg	13	16
777.jpg	13	18
778.jpg	13	17
779.jpg	8	9
780.jpg	3	5
781.jpg	3	20
782.jpg	4	7
783.jpg	4	7
784.jpg	4	11
785.jpg	13	18
786.jpg	7	20
787.jpg	8	6
788.jpg	8	9
789.jpg	10	20
790.jpg	11	14
791.jpg	13	1
792.jpg	13	6
793.jpg	13	15
794.jpg	13	16
795.jpg	13	16
796.jpg	13	17
797.jpg	7	1
798.jpg	13	20
799.jpg	7	1
800.jpg	3	5
801.jpg	3	20
802.jpg	4	2
803.jpg	4	7
804.jpg	4	11
805.jpg	5	8
806.jpg	7	20
807.jpg	8	6
808.jpg	8	9
809.jpg	10	20
810.jpg	11	14
811.jpg	13	1
812.jpg	4	7
813.jpg	13	9
814.jpg	8	9
815.jpg	13	16
816.jpg	13	17
817.jpg	13	18
818.jpg	13	17
819.jpg	8	9
820.jpg	3	5
821.jpg	3	20
822.jpg	4	2
823.jpg	4	7
824.jpg	4	11
825.jpg	5	8
826.jpg	7	20
827.jpg	8	6
828.jpg	8	9
829.jpg	8	9
830.jpg	11	14
831.jpg	13	1
832.jpg	7	1
833.jpg	13	15
834.jpg	8	9
835.jpg	13	16
836.jpg	13	17
837.jpg	13	18
838.jpg	13	17
839.jpg	7	1
840.jpg	3	5
841.jpg	3	20
842.jpg	4	2
843.jpg	4	7
844.jpg	4	11
845.jpg	5	8
846.jpg	7	20
847.jpg	4	11
848.jpg	8	9
849.jpg	10	20
850.jpg	11	14
851.jpg	13	17
852.jpg	13	6
853.jpg	13	9
854.jpg	8	9
855.jpg	13	16
856.jpg	13	17
857.jpg	13	18
858.jpg	13	20
859.jpg	8	9
860.jpg	3	5
861.jpg	3	20
862.jpg	4	7
863.jpg	4	7
864.jpg	4	11
865.jpg	5	8
866.jpg	7	20
867.jpg	8	6
868.jpg	8	9
869.jpg	7	20
870.jpg	8	6
871.jpg	13	1
872.jpg	13	16
873.jpg	8	9
874.jpg	8	9
875.jpg	13	16
876.jpg	13	17
877.jpg	5	8
878.jpg	13	20
879.jpg	8	9
880.jpg	3	5
881.jpg	3	20
882.jpg	4	2
883.jpg	4	7
884.jpg	4	11
885.jpg	13	15
886.jpg	10	20
887.jpg	8	6
888.jpg	8	9
889.jpg	10	20
890.jpg	3	20
891.jpg	13	1
892.jpg	10	20
893.jpg	13	9
894.jpg	13	15
895.jpg	13	16
896.jpg	13	17
897.jpg	13	18
898.jpg	13	20
899.jpg	8	9
900.jpg	3	5
901.jpg	3	20
902.jpg	4	7
903.jpg	4	7
904.jpg	4	7
905.jpg	8	9
906.jpg	8	9
907.jpg	8	6
908.jpg	8	9
909.jpg	10	20
910.jpg	11	14
911.jpg	13	1
912.jpg	13	17
913.jpg	13	15
914.jpg	13	16
915.jpg	13	16
916.jpg	13	17
917.jpg	13	18
918.jpg	13	20
919.jpg	8	6
920.jpg	3	5
921.jpg	13	9
922.jpg	4	2
923.jpg	4	7
924.jpg	4	11
925.jpg	5	8
926.jpg	8	9
927.jpg	8	6
928.jpg	8	9
929.jpg	7	20
930.jpg	11	14
931.jpg	13	1
932.jpg	13	15
933.jpg	8	9
934.jpg	13	15
935.jpg	13	16
936.jpg	13	17
937.jpg	13	18
938.jpg	8	9
939.jpg	8	9
940.jpg	3	5
941.jpg	3	20
942.jpg	4	7
943.jpg	4	7
944.jpg	4	11
945.jpg	5	8
946.jpg	8	9
947.jpg	8	6
948.jpg	8	9
949.jpg	10	20
950.jpg	11	14
951.jpg	13	1
952.jpg	13	6
953.jpg	8	9
954.jpg	8	6
955.jpg	13	16
956.jpg	13	17
957.jpg	13	18
958.jpg	13	20
959.jpg	7	1
960.jpg	3	5
961.jpg	3	20
962.jpg	4	2
963.jpg	4	7
964.jpg	4	11
965.jpg	7	1
966.jpg	7	20
967.jpg	8	6
968.jpg	8	9
969.jpg	8	9
970.jpg	11	14
971.jpg	13	1
972.jpg	13	16
973.jpg	13	9
974.jpg	10	20
975.jpg	13	16
976.jpg	13	17
977.jpg	13	18
978.jpg	13	20
979.jpg	8	9
980.jpg	3	5
981.jpg	3	20
982.jpg	4	2
983.jpg	4	7
984.jpg	4	11
985.jpg	13	18
986.jpg	7	20
987.jpg	8	6
988.jpg	8	9
989.jpg	10	20
990.jpg	11	14
991.jpg	13	1
992.jpg	13	6
993.jpg	11	14
994.jpg	8	9
995.jpg	13	16
996.jpg	13	17
997.jpg	13	18
998.jpg	13	20
999.jpg	7	1
1000.jpg	3	5
1001.jpg	3	20
1002.jpg	4	7
1003.jpg	4	2
1004.jpg	4	11
1005.jpg	5	8
1006.jpg	7	1
1007.jpg	8	6
1008.jpg	8	9
1009.jpg	8	9
1010.jpg	4	7
1011.jpg	13	15
1012.jpg	13	17
1013.jpg	13	9
1014.jpg	13	17
1015.jpg	13	16
1016.jpg	13	17
1017.jpg	5	8
1018.jpg	13	20
1019.jpg	7	1
1020.jpg	5	8
1021.jpg	3	20
1022.jpg	4	7
1023.jpg	4	7
1024.jpg	4	11
1025.jpg	5	8
1026.jpg	7	1
1027.jpg	13	15
1028.jpg	8	9
1029.jpg	10	20
1030.jpg	11	14
1031.jpg	13	6
1032.jpg	8	9
1033.jpg	13	15
1034.jpg	5	8
1035.jpg	13	16
1036.jpg	13	17
1037.jpg	13	18
1038.jpg	13	20
1039.jpg	8	9
1040.jpg	7	1
1041.jpg	3	20
1042.jpg	4	7
1043.jpg	4	7
1044.jpg	4	11
1045.jpg	5	8
1046.jpg	7	20
1047.jpg	8	6
1048.jpg	7	1
1049.jpg	10	20
1050.jpg	11	14
1051.jpg	13	1
1052.jpg	13	6
1053.jpg	13	15
1054.jpg	7	1
1055.jpg	8	9
1056.jpg	13	17
1057.jpg	13	18
1058.jpg	13	15
1059.jpg	7	1
1060.jpg	3	5
1061.jpg	3	20
1062.jpg	4	11
1063.jpg	4	7
1064.jpg	4	11
1065.jpg	13	18
1066.jpg	8	9
1067.jpg	8	6
1068.jpg	8	9
1069.jpg	10	20
1070.jpg	11	14
1071.jpg	13	6
1072.jpg	13	6
1073.jpg	13	9
1074.jpg	13	20
1075.jpg	13	16
1076.jpg	13	17
1077.jpg	4	7
1078.jpg	13	20
1079.jpg	8	9
1080.jpg	3	5
1081.jpg	3	20
1082.jpg	4	2
1083.jpg	4	7
1084.jpg	4	11
1085.jpg	5	8
1086.jpg	7	20
1087.jpg	8	6
1088.jpg	8	9
1089.jpg	7	20
1090.jpg	11	14
1091.jpg	13	1
1092.jpg	13	9
1093.jpg	13	9
1094.jpg	13	20
1095.jpg	13	16
1096.jpg	13	17
1097.jpg	13	18
1098.jpg	8	9
1099.jpg	8	9
1100.jpg	3	5
1101.jpg	3	20
1102.jpg	4	2
1103.jpg	4	7
1104.jpg	4	11
1105.jpg	7	1
1106.jpg	8	9
1107.jpg	8	6
1108.jpg	8	9
1109.jpg	10	20
1110.jpg	13	18
1111.jpg	13	1
1112.jpg	13	16
1113.jpg	8	9
1114.jpg	8	9
1115.jpg	13	16
1116.jpg	13	17
1117.jpg	13	18
1118.jpg	13	17
1119.jpg	7	1
1120.jpg	3	5
1121.jpg	3	20
1122.jpg	4	7
1123.jpg	4	7
1124.jpg	4	11
1125.jpg	13	18
1126.jpg	7	20
1127.jpg	8	6
1128.jpg	10	20
1129.jpg	10	20
1130.jpg	13	18
1131.jpg	13	17
1132.jpg	8	9
1133.jpg	13	15
1134.jpg	7	1
1135.jpg	13	16
1136.jpg	13	17
1137.jpg	13	18
1138.jpg	13	17
1139.jpg	7	1
1140.jpg	3	5
1141.jpg	3	20
1142.jpg	4	2
1143.jpg	4	7
1144.jpg	4	11
1145.jpg	5	8
1146.jpg	8	9
1147.jpg	8	6
1148.jpg	8	9
1149.jpg	10	20
1150.jpg	11	14
1151.jpg	13	1
1152.jpg	13	6
1153.jpg	13	9
1154.jpg	13	15
1155.jpg	13	16
1156.jpg	13	17
1157.jpg	8	9
1158.jpg	13	20
1159.jpg	13	15
1160.jpg	3	5
1161.jpg	3	20
1162.jpg	4	2
1163.jpg	4	7
1164.jpg	4	11
1165.jpg	5	8
1166.jpg	10	20
1167.jpg	8	9
1168.jpg	13	15
1169.jpg	10	20
1170.jpg	11	14
1171.jpg	13	1
1172.jpg	13	20
1173.jpg	8	9
1174.jpg	13	15
1175.jpg	13	16
1176.jpg	13	17
1177.jpg	13	18
1178.jpg	13	17
1179.jpg	8	9
1180.jpg	3	5
1181.jpg	3	20
1182.jpg	4	7
1183.jpg	4	7
1184.jpg	4	11
1185.jpg	5	8
1186.jpg	7	20
1187.jpg	8	6
1188.jpg	4	7
1189.jpg	8	9
1190.jpg	11	14
1191.jpg	8	9
1192.jpg	13	6
1193.jpg	8	6
1194.jpg	8	9
1195.jpg	13	16
1196.jpg	13	17
1197.jpg	13	18
1198.jpg	13	20
1199.jpg	8	9
1200.jpg	3	5
1201.jpg	3	20
1202.jpg	4	7
1203.jpg	4	7
1204.jpg	4	11
1205.jpg	5	8
1206.jpg	7	20
1207.jpg	8	6
1208.jpg	8	9
1209.jpg	10	20
1210.jpg	11	14
1211.jpg	13	1
1212.jpg	13	6
1213.jpg	13	9
1214.jpg	13	15
1215.jpg	13	17
1216.jpg	13	17
1217.jpg	13	18
1218.jpg	13	20
1219.jpg	8	9
1220.jpg	3	5
1221.jpg	3	20
1222.jpg	4	2
1223.jpg	4	7
1224.jpg	4	11
1225.jpg	7	1
1226.jpg	13	17
1227.jpg	8	6
1228.jpg	10	20
1229.jpg	10	20
1230.jpg	11	14
1231.jpg	5	8
1232.jpg	13	16
1233.jpg	8	6
1234.jpg	13	15
1235.jpg	13	15
1236.jpg	13	17
1237.jpg	13	18
1238.jpg	13	20
1239.jpg	7	1
1240.jpg	3	5
1241.jpg	3	20
1242.jpg	4	11
1243.jpg	4	7
1244.jpg	4	11
1245.jpg	4	11
1246.jpg	13	17
1247.jpg	8	9
1248.jpg	8	9
1249.jpg	8	9
1250.jpg	11	14
1251.jpg	13	1
1252.jpg	13	20
1253.jpg	13	15
1254.jpg	13	9
1255.jpg	13	17
1256.jpg	13	17
1257.jpg	13	18
1258.jpg	13	20
1259.jpg	8	9
1260.jpg	3	5
1261.jpg	3	20
1262.jpg	4	2
1263.jpg	4	7
1264.jpg	4	11
1265.jpg	5	8
1266.jpg	13	17
1267.jpg	8	6
1268.jpg	8	9
1269.jpg	10	20
1270.jpg	11	14
1271.jpg	13	17
1272.jpg	8	9
1273.jpg	13	9
1274.jpg	13	15
1275.jpg	13	16
1276.jpg	13	17
1277.jpg	13	18
1278.jpg	13	20
1279.jpg	8	9
1280.jpg	3	5
1281.jpg	3	20
1282.jpg	4	7
1283.jpg	4	7
1284.jpg	4	11
1285.jpg	7	1
1286.jpg	7	1
1287.jpg	8	6
1288.jpg	4	11
1289.jpg	10	20
1290.jpg	7	1
1291.jpg	13	6
1292.jpg	8	9
1293.jpg	13	15
1294.jpg	13	15
1295.jpg	13	16
1296.jpg	13	17
1297.jpg	13	18
1298.jpg	13	20
1299.jpg	8	9
1300.jpg	3	5
1301.jpg	3	20
1302.jpg	4	7
1303.jpg	4	7
1304.jpg	13	15
1305.jpg	5	8
1306.jpg	7	20
1307.jpg	8	6
1308.jpg	8	9
1309.jpg	10	20
1310.jpg	11	14
1311.jpg	13	1
1312.jpg	13	17
1313.jpg	8	6
1314.jpg	13	15
1315.jpg	13	16
1316.jpg	13	17
1317.jpg	8	9
1318.jpg	13	20
1319.jpg	7	1
1320.jpg	3	5
1321.jpg	3	20
1322.jpg	4	7
1323.jpg	4	7
1324.jpg	4	11
1325.jpg	13	18
1326.jpg	7	20
1327.jpg	8	6
1328.jpg	8	9
1329.jpg	10	20
1330.jpg	10	20
1331.jpg	13	1
1332.jpg	4	7
1333.jpg	13	9
1334.jpg	13	15
1335.jpg	13	16
1336.jpg	13	17
1337.jpg	13	18
1338.jpg	13	20
1339.jpg	7	1
1340.jpg	3	5
1341.jpg	3	20
1342.jpg	4	7
1343.jpg	4	7
1344.jpg	4	11
1345.jpg	5	8
1346.jpg	7	20
1347.jpg	8	6
1348.jpg	7	20
1349.jpg	10	20
1350.jpg	11	14
1351.jpg	13	1
1352.jpg	13	6
1353.jpg	7	1
1354.jpg	13	15
1355.jpg	13	16
1356.jpg	13	17
1357.jpg	13	18
1358.jpg	13	20
1359.jpg	7	20
1360.jpg	3	5
1361.jpg	3	20
1362.jpg	4	2
1363.jpg	4	7
1364.jpg	4	11
1365.jpg	7	1
1366.jpg	13	17
1367.jpg	8	6
1368.jpg	8	9
1369.jpg	7	1
1370.jpg	3	20
1371.jpg	13	1
1372.jpg	13	6
1373.jpg	13	9
1374.jpg	13	15
1375.jpg	13	16
1376.jpg	13	17
1377.jpg	4	7
1378.jpg	13	20
1379.jpg	7	1
1380.jpg	3	5
1381.jpg	3	20
1382.jpg	4	11
1383.jpg	4	7
1384.jpg	4	11
1385.jpg	5	8
1386.jpg	7	20
1387.jpg	8	6
1388.jpg	8	9
1389.jpg	10	20
1390.jpg	11	14
1391.jpg	10	20
1392.jpg	13	6
1393.jpg	13	9
1394.jpg	7	1
1395.jpg	13	16
1396.jpg	13	15
1397.jpg	13	18
1398.jpg	13	20
1399.jpg	8	9
1400.jpg	3	5
1401.jpg	3	20
1402.jpg	4	7
1403.jpg	4	7
1404.jpg	4	11
1405.jpg	8	9
1406.jpg	7	20
1407.jpg	8	6
1408.jpg	8	9
1409.jpg	10	20
1410.jpg	11	14
1411.jpg	13	1
1412.jpg	13	6
1413.jpg	8	9
1414.jpg	13	20
1415.jpg	13	16
1416.jpg	13	17
1417.jpg	13	18
1418.jpg	13	20
1419.jpg	7	1
1420.jpg	3	5
1421.jpg	3	20
1422.jpg	4	7
1423.jpg	4	7
1424.jpg	4	11
1425.jpg	5	8
1426.jpg	10	20
1427.jpg	8	6
1428.jpg	8	9
1429.jpg	10	20
1430.jpg	11	14
1431.jpg	13	15
1432.jpg	13	6
1433.jpg	8	9
1434.jpg	13	15
1435.jpg	13	16
1436.jpg	13	17
1437.jpg	13	18
1438.jpg	13	20
1439.jpg	7	1
1440.jpg	3	5
1441.jpg	3	20
1442.jpg	4	11
1443.jpg	4	7
1444.jpg	4	11
1445.jpg	13	18
1446.jpg	8	9
1447.jpg	8	9
1448.jpg	4	11
1449.jpg	10	20
1450.jpg	8	6
1451.jpg	13	1
1452.jpg	13	17
1453.jpg	13	15
1454.jpg	7	1
1455.jpg	13	16
1456.jpg	13	17
1457.jpg	13	18
1458.jpg	13	20
1459.jpg	8	9
1460.jpg	3	5
1461.jpg	3	20
1462.jpg	4	7
1463.jpg	4	7
1464.jpg	4	11
1465.jpg	5	8
1466.jpg	13	17
1467.jpg	8	6
1468.jpg	8	9
1469.jpg	10	20
1470.jpg	11	14
1471.jpg	13	6
1472.jpg	13	17
1473.jpg	13	9
1474.jpg	8	9
1475.jpg	13	16
1476.jpg	13	17
1477.jpg	13	18
1478.jpg	13	20
1479.jpg	7	20
1480.jpg	3	5
1481.jpg	3	20
1482.jpg	4	7
1483.jpg	4	7
1484.jpg	4	11
1485.jpg	5	8
1486.jpg	7	20
1487.jpg	8	9
1488.jpg	8	9
1489.jpg	10	20
1490.jpg	11	14
1491.jpg	13	1
1492.jpg	13	6
1493.jpg	13	9
1494.jpg	13	18
1495.jpg	13	16
1496.jpg	13	17
1497.jpg	13	18
1498.jpg	13	20
1499.jpg	8	9
1500.jpg	3	5
1501.jpg	3	20
1502.jpg	4	7
1503.jpg	4	7
1504.jpg	4	11
1505.jpg	5	8
1506.jpg	7	20
1507.jpg	8	6
1508.jpg	8	9
1509.jpg	10	20
1510.jpg	11	14
1511.jpg	13	15
1512.jpg	13	17
1513.jpg	13	15
1514.jpg	8	9
1515.jpg	13	16
1516.jpg	13	17
1517.jpg	13	18
1518.jpg	13	20
1519.jpg	8	9
1520.jpg	3	5
1521.jpg	3	20
1522.jpg	4	2
1523.jpg	4	2
1524.jpg	4	11
1525.jpg	5	8
1526.jpg	7	20
1527.jpg	8	6
1528.jpg	8	9
1529.jpg	10	20
1530.jpg	11	14
1531.jpg	13	16
1532.jpg	13	17
1533.jpg	8	9
1534.jpg	11	14
1535.jpg	13	16
1536.jpg	13	17
1537.jpg	13	18
1538.jpg	13	20
1539.jpg	8	9
1540.jpg	3	5
1541.jpg	3	20
1542.jpg	4	7
1543.jpg	4	7
1544.jpg	4	11
1545.jpg	5	8
1546.jpg	13	17
1547.jpg	8	6
1548.jpg	8	9
1549.jpg	10	20
1550.jpg	11	14
1551.jpg	13	1
1552.jpg	13	17
1553.jpg	13	9
1554.jpg	8	9
1555.jpg	13	16
1556.jpg	8	9
1557.jpg	13	18
1558.jpg	13	20
1559.jpg	8	9
1560.jpg	3	5
1561.jpg	3	20
1562.jpg	4	7
1563.jpg	4	7
1564.jpg	4	11
1565.jpg	5	8
1566.jpg	8	9
1567.jpg	8	6
1568.jpg	8	9
1569.jpg	10	20
1570.jpg	3	20
1571.jpg	13	18
1572.jpg	13	17
1573.jpg	13	9
1574.jpg	13	20
1575.jpg	13	16
1576.jpg	13	17
1577.jpg	13	18
1578.jpg	13	9
1579.jpg	7	1
1580.jpg	3	5
1581.jpg	3	20
1582.jpg	4	2
1583.jpg	4	7
1584.jpg	7	1
1585.jpg	5	8
1586.jpg	7	20
1587.jpg	8	6
1588.jpg	8	9
1589.jpg	10	20
1590.jpg	11	14
1591.jpg	13	1
1592.jpg	8	9
1593.jpg	13	9
1594.jpg	13	15
1595.jpg	13	16
1596.jpg	8	9
1597.jpg	13	18
1598.jpg	13	20
1599.jpg	7	1
1600.jpg	3	5
1601.jpg	3	20
1602.jpg	4	2
1603.jpg	4	7
1604.jpg	4	11
1605.jpg	13	18
1606.jpg	7	20
1607.jpg	8	6
1608.jpg	8	9
1609.jpg	8	9
1610.jpg	11	14
1611.jpg	5	8
1612.jpg	8	9
1613.jpg	13	15
1614.jpg	13	15
1615.jpg	13	16
1616.jpg	13	17
1617.jpg	13	18
1618.jpg	13	20
1619.jpg	7	1
1620.jpg	3	5
1621.jpg	3	20
1622.jpg	4	2
1623.jpg	4	7
1624.jpg	4	11
1625.jpg	5	8
1626.jpg	7	20
1627.jpg	8	9
1628.jpg	8	9
1629.jpg	10	20
1630.jpg	11	14
1631.jpg	13	1
1632.jpg	8	9
1633.jpg	13	9
1634.jpg	13	15
1635.jpg	13	16
1636.jpg	13	17
1637.jpg	13	18
1638.jpg	13	20
1639.jpg	7	1
1640.jpg	3	5
1641.jpg	3	20
1642.jpg	4	7
1643.jpg	4	7
1644.jpg	4	11
1645.jpg	8	9
1646.jpg	7	20
1647.jpg	8	6
1648.jpg	8	9
1649.jpg	10	20
1650.jpg	11	14
1651.jpg	13	1
1652.jpg	13	17
1653.jpg	13	9
1654.jpg	13	15
1655.jpg	13	16
1656.jpg	13	17
1657.jpg	13	18
1658.jpg	13	20
1659.jpg	13	16
1660.jpg	3	5
1661.jpg	3	20
1662.jpg	4	7
1663.jpg	4	7
1664.jpg	4	11
1665.jpg	5	8
1666.jpg	8	9
1667.jpg	8	6
1668.jpg	8	9
1669.jpg	10	20
1670.jpg	11	14
1671.jpg	13	1
1672.jpg	13	6
1673.jpg	13	9
1674.jpg	8	9
1675.jpg	13	6
1676.jpg	13	16
1677.jpg	13	18
1678.jpg	13	20
1679.jpg	13	15
1680.jpg	3	5
1681.jpg	3	20
1682.jpg	4	7
1683.jpg	4	7
1684.jpg	4	7
1685.jpg	5	8
1686.jpg	7	20
1687.jpg	8	6
1688.jpg	8	9
1689.jpg	10	20
1690.jpg	11	14
1691.jpg	13	15
1692.jpg	10	20
1693.jpg	13	15
1694.jpg	8	9
1695.jpg	13	16
1696.jpg	13	17
1697.jpg	13	18
1698.jpg	13	20
1699.jpg	7	1
1700.jpg	3	5
1701.jpg	3	20
1702.jpg	4	2
1703.jpg	4	7
1704.jpg	4	11
1705.jpg	5	8
1706.jpg	7	20
1707.jpg	8	6
1708.jpg	8	9
1709.jpg	10	20
1710.jpg	11	14
1711.jpg	13	1
1712.jpg	7	1
1713.jpg	13	9
1714.jpg	13	15
1715.jpg	13	17
1716.jpg	13	17
1717.jpg	13	18
1718.jpg	13	20
1719.jpg	7	1
1720.jpg	3	5
1721.jpg	3	20
1722.jpg	4	7
1723.jpg	4	7
1724.jpg	4	11
1725.jpg	5	8
1726.jpg	8	9
1727.jpg	8	9
1728.jpg	8	9
1729.jpg	8	9
1730.jpg	8	6
1731.jpg	4	2
1732.jpg	7	1
1733.jpg	13	9
1734.jpg	13	15
1735.jpg	13	16
1736.jpg	13	17
1737.jpg	7	1
1738.jpg	13	20
1739.jpg	8	9
1740.jpg	3	5
1741.jpg	3	20
1742.jpg	4	7
1743.jpg	4	7
1744.jpg	4	11
1745.jpg	5	8
1746.jpg	7	20
1747.jpg	8	6
1748.jpg	8	9
1749.jpg	10	20
1750.jpg	11	14
1751.jpg	13	1
1752.jpg	8	9
1753.jpg	8	9
1754.jpg	13	15
1755.jpg	13	16
1756.jpg	13	17
1757.jpg	13	18
1758.jpg	13	20
1759.jpg	7	1
1760.jpg	3	5
1761.jpg	3	20
1762.jpg	4	2
1763.jpg	4	7
1764.jpg	4	11
1765.jpg	5	8
1766.jpg	8	9
1767.jpg	8	6
1768.jpg	8	9
1769.jpg	10	20
1770.jpg	8	6
1771.jpg	13	6
1772.jpg	13	17
1773.jpg	13	9
1774.jpg	13	15
1775.jpg	13	15
1776.jpg	13	17
1777.jpg	13	18
1778.jpg	13	20
1779.jpg	8	9
1780.jpg	3	5
1781.jpg	3	20
1782.jpg	4	2
1783.jpg	4	7
1784.jpg	4	2
1785.jpg	5	8
1786.jpg	7	20
1787.jpg	8	6
1788.jpg	8	9
1789.jpg	10	20
1790.jpg	11	14
1791.jpg	13	1
1792.jpg	8	9
1793.jpg	13	15
1794.jpg	13	6
1795.jpg	13	16
1796.jpg	13	17
1797.jpg	8	9
1798.jpg	13	20
1799.jpg	8	9
1800.jpg	3	5
1801.jpg	3	20
1802.jpg	4	2
1803.jpg	4	7
1804.jpg	13	18
1805.jpg	7	1
1806.jpg	7	20
1807.jpg	8	6
1808.jpg	8	9
1809.jpg	10	20
1810.jpg	11	14
1811.jpg	13	1
1812.jpg	13	20
1813.jpg	13	9
1814.jpg	13	15
1815.jpg	13	16
1816.jpg	13	17
1817.jpg	13	16
1818.jpg	13	20
1819.jpg	8	9
1820.jpg	3	5
1821.jpg	3	20
1822.jpg	4	2
1823.jpg	4	7
1824.jpg	4	11
1825.jpg	8	9
1826.jpg	8	9
1827.jpg	8	6
1828.jpg	13	17
1829.jpg	10	20
1830.jpg	11	14
1831.jpg	13	15
1832.jpg	8	9
1833.jpg	13	9
1834.jpg	13	15
1835.jpg	13	16
1836.jpg	13	17
1837.jpg	13	18
1838.jpg	13	20
1839.jpg	8	9
1840.jpg	3	5
1841.jpg	3	20
1842.jpg	4	7
1843.jpg	4	7
1844.jpg	4	11
1845.jpg	5	8
1846.jpg	7	20
1847.jpg	8	9
1848.jpg	13	17
1849.jpg	8	9
1850.jpg	11	14
1851.jpg	13	15
1852.jpg	13	16
1853.jpg	8	9
1854.jpg	13	15
1855.jpg	13	16
1856.jpg	13	17
1857.jpg	13	18
1858.jpg	13	20
1859.jpg	7	1
1860.jpg	3	20
1861.jpg	3	20
1862.jpg	4	2
1863.jpg	4	7
1864.jpg	4	11
1865.jpg	7	1
1866.jpg	7	20
1867.jpg	8	6
1868.jpg	8	9
1869.jpg	10	20
1870.jpg	11	14
1871.jpg	7	1
1872.jpg	13	17
1873.jpg	13	9
1874.jpg	13	15
1875.jpg	13	16
1876.jpg	13	17
1877.jpg	13	18
1878.jpg	13	20
1879.jpg	7	1
1880.jpg	3	5
1881.jpg	3	20
1882.jpg	4	2
1883.jpg	4	7
1884.jpg	4	11
1885.jpg	5	8
1886.jpg	7	20
1887.jpg	13	15
1888.jpg	8	9
1889.jpg	10	20
1890.jpg	11	14
1891.jpg	13	15
1892.jpg	4	7
1893.jpg	13	9
1894.jpg	13	15
1895.jpg	13	16
1896.jpg	13	17
1897.jpg	13	18
1898.jpg	13	20
1899.jpg	13	17
1900.jpg	3	5
1901.jpg	3	20
1902.jpg	4	2
1903.jpg	4	7
1904.jpg	4	11
1905.jpg	5	8
1906.jpg	7	20
1907.jpg	8	6
1908.jpg	8	9
1909.jpg	10	20
1910.jpg	11	14
1911.jpg	10	20
1912.jpg	13	17
1913.jpg	8	9
1914.jpg	13	15
1915.jpg	13	16
1916.jpg	13	17
1917.jpg	13	18
1918.jpg	13	20
1919.jpg	7	1
1920.jpg	3	5
1921.jpg	3	20
1922.jpg	4	2
1923.jpg	4	7
1924.jpg	4	11
1925.jpg	5	8
1926.jpg	8	9
1927.jpg	8	6
1928.jpg	8	9
1929.jpg	10	20
1930.jpg	11	14
1931.jpg	13	1
1932.jpg	13	6
1933.jpg	8	9
1934.jpg	13	18
1935.jpg	13	16
1936.jpg	13	17
1937.jpg	13	18
1938.jpg	13	9
1939.jpg	8	9
1940.jpg	3	20
1941.jpg	3	20
1942.jpg	4	7
1943.jpg	4	7
1944.jpg	4	11
1945.jpg	5	8
1946.jpg	7	20
1947.jpg	8	9
1948.jpg	8	9
1949.jpg	10	20
1950.jpg	11	14
1951.jpg	13	1
1952.jpg	13	18
1953.jpg	13	15
1954.jpg	13	15
1955.jpg	13	16
1956.jpg	13	17
1957.jpg	13	18
1958.jpg	13	20
1959.jpg	7	1
1960.jpg	3	5
1961.jpg	3	20
1962.jpg	4	2
1963.jpg	4	7
1964.jpg	4	11
1965.jpg	13	16
1966.jpg	8	9
1967.jpg	8	6
1968.jpg	8	9
1969.jpg	10	20
1970.jpg	3	20
1971.jpg	13	1
1972.jpg	13	6
1973.jpg	8	9
1974.jpg	13	15
1975.jpg	13	16
1976.jpg	13	17
1977.jpg	13	18
1978.jpg	13	20
1979.jpg	7	1
1980.jpg	3	5
1981.jpg	3	20
1982.jpg	4	7
1983.jpg	4	7
1984.jpg	4	11
1985.jpg	5	8
1986.jpg	8	9
1987.jpg	8	6
1988.jpg	8	9
1989.jpg	10	20
1990.jpg	11	14
1991.jpg	13	15
1992.jpg	13	9
1993.jpg	4	7
1994.jpg	13	15
1995.jpg	13	16
1996.jpg	13	17
1997.jpg	13	18
1998.jpg	13	15
1999.jpg	7	1
2000.jpg	3	5
2001.jpg	3	20
2002.jpg	4	11
2003.jpg	4	7
2004.jpg	4	11
2005.jpg	5	8
2006.jpg	8	9
2007.jpg	8	6
2008.jpg	8	9
2009.jpg	11	14
2010.jpg	11	14
2011.jpg	13	1
2012.jpg	13	6
2013.jpg	13	9
2014.jpg	13	15
2015.jpg	13	16
2016.jpg	13	17
2017.jpg	13	18
2018.jpg	13	20
2019.jpg	13	18
2020.jpg	3	5
2021.jpg	3	20
2022.jpg	4	2
2023.jpg	4	7
2024.jpg	4	11
2025.jpg	5	8
2026.jpg	7	20
2027.jpg	8	6
2028.jpg	8	9
2029.jpg	13	15
2030.jpg	7	1
2031.jpg	5	8
2032.jpg	7	1
2033.jpg	13	9
2034.jpg	7	1
2035.jpg	13	17
2036.jpg	13	16
2037.jpg	13	18
2038.jpg	13	20
2039.jpg	4	11
2040.jpg	3	5
2041.jpg	3	20
2042.jpg	4	2
2043.jpg	4	7
2044.jpg	4	11
2045.jpg	5	8
2046.jpg	8	9
2047.jpg	8	9
2048.jpg	8	9
2049.jpg	4	7
2050.jpg	8	6
2051.jpg	13	1
2052.jpg	13	6
2053.jpg	13	9
2054.jpg	13	15
2055.jpg	13	16
2056.jpg	13	17
2057.jpg	13	18
2058.jpg	13	20
2059.jpg	7	1
2060.jpg	3	5
2061.jpg	3	20
2062.jpg	4	7
2063.jpg	4	7
2064.jpg	4	11
2065.jpg	8	9
2066.jpg	7	20
2067.jpg	8	6
2068.jpg	8	9
2069.jpg	10	20
2070.jpg	11	14
2071.jpg	13	6
2072.jpg	13	6
2073.jpg	13	9
2074.jpg	13	15
2075.jpg	13	16
2076.jpg	13	17
2077.jpg	13	16
2078.jpg	13	20
2079.jpg	13	18
2080.jpg	3	5
2081.jpg	3	20
2082.jpg	4	7
2083.jpg	4	7
2084.jpg	4	11
2085.jpg	5	8
2086.jpg	7	20
2087.jpg	8	6
2088.jpg	8	9
2089.jpg	10	20
2090.jpg	11	14
2091.jpg	13	18
2092.jpg	13	17
2093.jpg	8	9
2094.jpg	13	15
2095.jpg	13	17
2096.jpg	13	17
2097.jpg	13	18
2098.jpg	8	9
2099.jpg	8	9
2100.jpg	3	5
2101.jpg	3	20
2102.jpg	4	7
2103.jpg	4	7
2104.jpg	4	11
2105.jpg	5	8
2106.jpg	8	9
2107.jpg	8	6
2108.jpg	13	6
2109.jpg	10	20
2110.jpg	11	14
2111.jpg	10	20
2112.jpg	13	9
2113.jpg	13	9
2114.jpg	13	16
2115.jpg	13	9
2116.jpg	13	17
2117.jpg	13	18
2118.jpg	13	20
2119.jpg	7	1
2120.jpg	3	5
2121.jpg	3	20
2122.jpg	4	7
2123.jpg	4	7
2124.jpg	4	11
2125.jpg	5	8
2126.jpg	7	20
2127.jpg	8	6
2128.jpg	10	20
2129.jpg	10	20
2130.jpg	11	14
2131.jpg	13	1
2132.jpg	13	17
2133.jpg	13	9
2134.jpg	13	15
2135.jpg	13	16
2136.jpg	13	17
2137.jpg	13	18
2138.jpg	13	20
2139.jpg	8	6
2140.jpg	3	5
2141.jpg	3	20
2142.jpg	4	2
2143.jpg	4	7
2144.jpg	4	11
2145.jpg	5	8
2146.jpg	7	20
2147.jpg	8	6
2148.jpg	7	1
2149.jpg	10	20
2150.jpg	11	14
2151.jpg	13	1
2152.jpg	13	9
2153.jpg	13	9
2154.jpg	13	16
2155.jpg	13	16
2156.jpg	13	17
2157.jpg	13	18
2158.jpg	13	20
2159.jpg	7	20
2160.jpg	5	8
2161.jpg	3	20
2162.jpg	4	7
2163.jpg	4	7
2164.jpg	4	11
2165.jpg	5	8
2166.jpg	7	20
2167.jpg	8	9
2168.jpg	8	9
2169.jpg	10	20
2170.jpg	11	14
2171.jpg	13	17
2172.jpg	8	9
2173.jpg	13	9
2174.jpg	7	1
2175.jpg	13	16
2176.jpg	13	17
2177.jpg	13	18
2178.jpg	13	20
2179.jpg	7	1
2180.jpg	3	5
2181.jpg	3	20
2182.jpg	4	7
2183.jpg	4	7
2184.jpg	4	2
2185.jpg	5	8
2186.jpg	7	20
2187.jpg	8	6
2188.jpg	8	9
2189.jpg	10	20
2190.jpg	3	20
2191.jpg	13	1
2192.jpg	13	1
2193.jpg	13	9
2194.jpg	13	15
2195.jpg	13	16
2196.jpg	13	16
2197.jpg	13	18
2198.jpg	13	20
2199.jpg	4	11
2200.jpg	3	5
2201.jpg	3	20
2202.jpg	4	7
2203.jpg	4	7
2204.jpg	4	11
2205.jpg	5	8
2206.jpg	7	20
2207.jpg	7	1
2208.jpg	8	9
2209.jpg	10	20
2210.jpg	11	14
2211.jpg	13	6
2212.jpg	7	1
2213.jpg	13	9
2214.jpg	13	18
2215.jpg	13	16
2216.jpg	13	17
2217.jpg	13	18
2218.jpg	13	15
2219.jpg	7	1
2220.jpg	3	5
2221.jpg	3	20
2222.jpg	4	2
2223.jpg	4	7
2224.jpg	4	11
2225.jpg	7	1
2226.jpg	7	1
2227.jpg	8	6
2228.jpg	8	9
2229.jpg	10	20
2230.jpg	11	14
2231.jpg	13	18
2232.jpg	8	9
2233.jpg	13	9
2234.jpg	13	17
2235.jpg	13	16
2236.jpg	13	16
2237.jpg	13	18
2238.jpg	13	20
2239.jpg	8	6
2240.jpg	3	5
2241.jpg	3	20
2242.jpg	4	2
2243.jpg	4	7
2244.jpg	4	11
2245.jpg	5	8
2246.jpg	7	20
2247.jpg	13	20
2248.jpg	8	9
2249.jpg	10	20
2250.jpg	11	14
2251.jpg	13	18
2252.jpg	13	6
2253.jpg	13	9
2254.jpg	13	9
2255.jpg	13	16
2256.jpg	13	17
2257.jpg	13	1
2258.jpg	13	20
2259.jpg	7	1
2260.jpg	3	5
2261.jpg	3	20
2262.jpg	4	2
2263.jpg	4	7
2264.jpg	4	11
2265.jpg	13	18
2266.jpg	8	9
2267.jpg	8	6
2268.jpg	13	18
2269.jpg	10	20
2270.jpg	11	14
2271.jpg	13	18
2272.jpg	8	9
2273.jpg	8	6
2274.jpg	7	20
2275.jpg	4	7
2276.jpg	13	17
2277.jpg	13	18
2278.jpg	13	20
2279.jpg	7	1
2280.jpg	3	5
2281.jpg	3	20
2282.jpg	4	7
2283.jpg	4	7
2284.jpg	4	11
2285.jpg	5	8
2286.jpg	8	9
2287.jpg	8	6
2288.jpg	8	9
2289.jpg	10	20
2290.jpg	11	14
2291.jpg	13	17
2292.jpg	13	16
2293.jpg	13	15
2294.jpg	13	15
2295.jpg	13	16
2296.jpg	13	17
2297.jpg	13	18
2298.jpg	13	20
2299.jpg	7	1
2300.jpg	3	5
2301.jpg	3	20
2302.jpg	4	2
2303.jpg	4	7
2304.jpg	4	11
2305.jpg	5	8
2306.jpg	7	20
2307.jpg	11	14
2308.jpg	8	9
2309.jpg	10	20
2310.jpg	11	14
2311.jpg	13	1
2312.jpg	13	16
2313.jpg	13	9
2314.jpg	13	15
2315.jpg	13	16
2316.jpg	13	17
2317.jpg	13	6
2318.jpg	13	20
2319.jpg	8	9
2320.jpg	3	5
2321.jpg	3	20
2322.jpg	4	7
2323.jpg	4	7
2324.jpg	4	11
2325.jpg	5	8
2326.jpg	8	9
2327.jpg	8	9
2328.jpg	8	9
2329.jpg	10	20
2330.jpg	11	14
2331.jpg	10	20
2332.jpg	7	1
2333.jpg	8	6
2334.jpg	8	9
2335.jpg	13	16
2336.jpg	13	20
2337.jpg	13	18
2338.jpg	13	20
2339.jpg	8	9
2340.jpg	3	5
2341.jpg	3	20
2342.jpg	4	11
2343.jpg	4	2
2344.jpg	4	2
2345.jpg	13	18
2346.jpg	7	20
2347.jpg	8	6
2348.jpg	8	9
2349.jpg	10	20
2350.jpg	11	14
2351.jpg	13	1
2352.jpg	8	9
2353.jpg	13	15
2354.jpg	13	18
2355.jpg	13	16
2356.jpg	8	9
2357.jpg	13	18
2358.jpg	13	20
2359.jpg	8	9
2360.jpg	3	5
2361.jpg	3	20
2362.jpg	4	2
2363.jpg	4	7
2364.jpg	4	2
2365.jpg	7	1
2366.jpg	8	9
2367.jpg	8	6
2368.jpg	8	9
2369.jpg	10	20
2370.jpg	8	6
2371.jpg	13	1
2372.jpg	8	9
2373.jpg	13	9
2374.jpg	13	16
2375.jpg	13	16
2376.jpg	13	17
2377.jpg	13	18
2378.jpg	8	9
2379.jpg	8	9
2380.jpg	3	5
2381.jpg	3	20
2382.jpg	4	7
2383.jpg	4	7
2384.jpg	4	11
2385.jpg	5	8
2386.jpg	10	20
2387.jpg	8	6
2388.jpg	5	8
2389.jpg	10	20
2390.jpg	11	14
2391.jpg	13	1
2392.jpg	13	16
2393.jpg	8	9
2394.jpg	7	20
2395.jpg	13	16
2396.jpg	13	16
2397.jpg	13	18
2398.jpg	13	20
2399.jpg	7	1
2400.jpg	3	5
2401.jpg	3	20
2402.jpg	4	2
2403.jpg	4	7
2404.jpg	4	11
2405.jpg	5	8
2406.jpg	7	20
2407.jpg	8	6
2408.jpg	8	9
2409.jpg	10	20
2410.jpg	11	14
2411.jpg	13	1
2412.jpg	7	1
2413.jpg	13	9
2414.jpg	13	15
2415.jpg	13	16
2416.jpg	13	17
2417.jpg	13	18
2418.jpg	13	20
2419.jpg	8	9
2420.jpg	3	5
2421.jpg	3	20
2422.jpg	4	7
2423.jpg	4	2
2424.jpg	4	11
2425.jpg	5	8
2426.jpg	8	9
2427.jpg	11	14
2428.jpg	8	9
2429.jpg	10	20
2430.jpg	11	14
2431.jpg	10	20
2432.jpg	13	17
2433.jpg	13	9
2434.jpg	13	15
2435.jpg	13	16
2436.jpg	13	16
2437.jpg	13	18
2438.jpg	13	20
2439.jpg	8	6
2440.jpg	3	5
2441.jpg	3	20
2442.jpg	4	2
2443.jpg	4	7
2444.jpg	4	11
2445.jpg	5	8
2446.jpg	7	20
2447.jpg	8	9
2448.jpg	8	9
2449.jpg	10	20
2450.jpg	11	14
2451.jpg	13	1
2452.jpg	7	1
2453.jpg	8	9
2454.jpg	7	20
2455.jpg	13	16
2456.jpg	13	20
2457.jpg	13	18
2458.jpg	13	17
2459.jpg	7	1
2460.jpg	3	5
2461.jpg	3	20
2462.jpg	4	7
2463.jpg	4	7
2464.jpg	4	11
2465.jpg	5	8
2466.jpg	4	7
2467.jpg	8	9
2468.jpg	8	9
2469.jpg	10	20
2470.jpg	11	14
2471.jpg	13	1
2472.jpg	13	6
2473.jpg	3	5
2474.jpg	8	9
2475.jpg	13	16
2476.jpg	13	17
2477.jpg	13	18
2478.jpg	13	20
2479.jpg	8	9
2480.jpg	3	5
2481.jpg	3	20
2482.jpg	4	2
2483.jpg	4	7
2484.jpg	4	11
2485.jpg	5	8
2486.jpg	8	9
2487.jpg	8	9
2488.jpg	8	9
2489.jpg	10	20
2490.jpg	11	14
2491.jpg	13	1
2492.jpg	13	1
2493.jpg	13	9
2494.jpg	13	15
2495.jpg	13	17
2496.jpg	13	17
2497.jpg	13	18
2498.jpg	13	20
2499.jpg	8	9
2500.jpg	3	5
2501.jpg	3	20
2502.jpg	4	7
2503.jpg	4	7
2504.jpg	4	11
2505.jpg	5	8
2506.jpg	7	20
2507.jpg	8	6
2508.jpg	8	9
2509.jpg	10	20
2510.jpg	11	14
2511.jpg	13	1
2512.jpg	13	6
2513.jpg	8	9
2514.jpg	13	18
2515.jpg	13	16
2516.jpg	13	17
2517.jpg	13	18
2518.jpg	13	20
2519.jpg	8	9
2520.jpg	3	5
2521.jpg	3	20
2522.jpg	4	2
2523.jpg	4	7
2524.jpg	4	11
2525.jpg	5	8
2526.jpg	7	20
2527.jpg	8	6
2528.jpg	8	9
2529.jpg	10	20
2530.jpg	11	14
2531.jpg	13	1
2532.jpg	8	9
2533.jpg	13	9
2534.jpg	13	15
2535.jpg	13	16
2536.jpg	13	17
2537.jpg	13	18
2538.jpg	13	20
2539.jpg	13	15
2540.jpg	3	5
2541.jpg	3	20
2542.jpg	4	7
2543.jpg	4	7
2544.jpg	4	11
2545.jpg	7	1
2546.jpg	8	9
2547.jpg	8	6
2548.jpg	8	9
2549.jpg	10	20
2550.jpg	11	14
2551.jpg	13	1
2552.jpg	8	9
2553.jpg	3	5
2554.jpg	8	6
2555.jpg	13	16
2556.jpg	13	17
2557.jpg	13	18
2558.jpg	13	20
2559.jpg	5	8
2560.jpg	3	5
2561.jpg	3	20
2562.jpg	4	2
2563.jpg	4	7
2564.jpg	4	11
2565.jpg	5	8
2566.jpg	7	20
2567.jpg	3	5
2568.jpg	7	20
2569.jpg	10	20
2570.jpg	11	14
2571.jpg	13	1
2572.jpg	13	6
2573.jpg	8	9
2574.jpg	13	20
2575.jpg	13	16
2576.jpg	13	17
2577.jpg	4	7
2578.jpg	13	20
2579.jpg	8	9
2580.jpg	3	5
2581.jpg	3	20
2582.jpg	4	7
2583.jpg	4	7
2584.jpg	4	11
2585.jpg	5	8
2586.jpg	7	20
2587.jpg	8	6
2588.jpg	8	9
2589.jpg	10	20
2590.jpg	11	14
2591.jpg	8	9
2592.jpg	13	9
2593.jpg	8	9
2594.jpg	13	15
2595.jpg	13	16
2596.jpg	13	16
2597.jpg	8	9
2598.jpg	13	20
2599.jpg	8	6
2600.jpg	3	5
2601.jpg	3	20
2602.jpg	4	11
2603.jpg	4	7
2604.jpg	4	11
2605.jpg	13	18
2606.jpg	10	20
2607.jpg	8	6
2608.jpg	11	14
2609.jpg	10	20
2610.jpg	3	20
2611.jpg	13	1
2612.jpg	13	6
2613.jpg	13	9
2614.jpg	8	9
2615.jpg	13	16
2616.jpg	13	17
2617.jpg	5	8
2618.jpg	13	20
2619.jpg	8	9
2620.jpg	3	5
2621.jpg	3	20
2622.jpg	4	7
2623.jpg	4	7
2624.jpg	4	11
2625.jpg	5	8
2626.jpg	7	20
2627.jpg	8	6
2628.jpg	7	20
2629.jpg	8	9
2630.jpg	11	14
2631.jpg	4	7
2632.jpg	13	15
2633.jpg	13	9
2634.jpg	8	9
2635.jpg	13	16
2636.jpg	13	17
2637.jpg	13	18
2638.jpg	13	20
2639.jpg	8	9
2640.jpg	3	5
2641.jpg	3	20
2642.jpg	4	2
2643.jpg	4	7
2644.jpg	4	11
2645.jpg	5	8
2646.jpg	7	20
2647.jpg	8	6
2648.jpg	7	1
2649.jpg	13	18
2650.jpg	11	14
2651.jpg	13	18
2652.jpg	7	1
2653.jpg	13	6
2654.jpg	13	18
2655.jpg	13	16
2656.jpg	13	9
2657.jpg	13	18
2658.jpg	13	20
2659.jpg	7	1
2660.jpg	3	5
2661.jpg	3	20
2662.jpg	4	7
2663.jpg	4	7
2664.jpg	4	11
2665.jpg	5	8
2666.jpg	7	20
2667.jpg	8	6
2668.jpg	8	9
2669.jpg	10	20
2670.jpg	11	14
2671.jpg	13	1
2672.jpg	8	9
2673.jpg	13	15
2674.jpg	13	15
2675.jpg	13	16
2676.jpg	13	17
2677.jpg	13	18
2678.jpg	13	20
2679.jpg	7	20
2680.jpg	3	5
2681.jpg	3	20
2682.jpg	4	7
2683.jpg	4	7
2684.jpg	4	11
2685.jpg	13	18
2686.jpg	7	20
2687.jpg	8	6
2688.jpg	8	9
2689.jpg	10	20
2690.jpg	11	14
2691.jpg	7	1
2692.jpg	13	17
2693.jpg	8	9
2694.jpg	7	1
2695.jpg	5	8
2696.jpg	13	17
2697.jpg	13	18
2698.jpg	13	20
2699.jpg	7	1
2700.jpg	3	5
2701.jpg	3	20
2702.jpg	4	7
2703.jpg	4	7
2704.jpg	4	11
2705.jpg	5	8
2706.jpg	7	1
2707.jpg	8	6
2708.jpg	13	18
2709.jpg	10	20
2710.jpg	11	14
2711.jpg	13	1
2712.jpg	7	1
2713.jpg	13	9
2714.jpg	13	15
2715.jpg	13	16
2716.jpg	13	17
2717.jpg	13	18
2718.jpg	13	17
2719.jpg	7	1
2720.jpg	3	5
2721.jpg	3	20
2722.jpg	4	11
2723.jpg	4	7
2724.jpg	4	11
2725.jpg	7	1
2726.jpg	7	20
2727.jpg	8	6
2728.jpg	8	9
2729.jpg	10	20
2730.jpg	11	14
2731.jpg	13	1
2732.jpg	13	6
2733.jpg	13	9
2734.jpg	13	6
2735.jpg	13	16
2736.jpg	13	17
2737.jpg	13	18
2738.jpg	13	20
2739.jpg	7	1
2740.jpg	3	5
2741.jpg	3	20
2742.jpg	4	2
2743.jpg	4	7
2744.jpg	4	11
2745.jpg	5	8
2746.jpg	7	20
2747.jpg	8	9
2748.jpg	8	9
2749.jpg	10	20
2750.jpg	11	14
2751.jpg	13	1
2752.jpg	8	9
2753.jpg	13	15
2754.jpg	13	15
2755.jpg	13	16
2756.jpg	13	17
2757.jpg	13	18
2758.jpg	13	20
2759.jpg	8	9
2760.jpg	3	5
2761.jpg	3	20
2762.jpg	4	2
2763.jpg	4	7
2764.jpg	4	11
2765.jpg	5	8
2766.jpg	8	9
2767.jpg	8	6
2768.jpg	8	9
2769.jpg	10	20
2770.jpg	10	20
2771.jpg	13	1
2772.jpg	13	6
2773.jpg	13	9
2774.jpg	8	6
2775.jpg	13	17
2776.jpg	13	17
2777.jpg	13	18
2778.jpg	13	20
2779.jpg	7	1
2780.jpg	3	20
2781.jpg	3	20
2782.jpg	4	7
2783.jpg	4	7
2784.jpg	4	11
2785.jpg	5	8
2786.jpg	10	20
2787.jpg	8	6
2788.jpg	8	9
2789.jpg	10	20
2790.jpg	11	14
2791.jpg	13	1
2792.jpg	8	9
2793.jpg	13	9
2794.jpg	13	15
2795.jpg	13	16
2796.jpg	13	17
2797.jpg	13	16
2798.jpg	13	20
2799.jpg	7	20
2800.jpg	3	5
2801.jpg	3	20
2802.jpg	4	2
2803.jpg	4	7
2804.jpg	4	11
2805.jpg	7	1
2806.jpg	7	20
2807.jpg	8	6
2808.jpg	13	15
2809.jpg	10	20
2810.jpg	11	14
2811.jpg	4	2
2812.jpg	13	6
2813.jpg	13	15
2814.jpg	13	15
2815.jpg	13	16
2816.jpg	13	17
2817.jpg	11	14
2818.jpg	13	20
2819.jpg	8	9
2820.jpg	3	5
2821.jpg	3	20
2822.jpg	4	2
2823.jpg	4	7
2824.jpg	4	11
2825.jpg	5	8
2826.jpg	8	9
2827.jpg	8	6
2828.jpg	8	9
2829.jpg	7	20
2830.jpg	11	14
2831.jpg	11	14
2832.jpg	8	9
2833.jpg	8	9
2834.jpg	13	15
2835.jpg	13	16
2836.jpg	13	17
2837.jpg	13	1
2838.jpg	13	20
2839.jpg	7	1
2840.jpg	3	5
2841.jpg	3	20
2842.jpg	4	7
2843.jpg	4	7
2844.jpg	4	11
2845.jpg	5	8
2846.jpg	7	20
2847.jpg	8	6
2848.jpg	13	15
2849.jpg	10	20
2850.jpg	11	14
2851.jpg	7	1
2852.jpg	13	16
2853.jpg	8	9
2854.jpg	8	9
2855.jpg	13	16
2856.jpg	13	17
2857.jpg	13	18
2858.jpg	13	20
2859.jpg	7	1
2860.jpg	3	5
2861.jpg	3	20
2862.jpg	4	7
2863.jpg	4	7
2864.jpg	4	11
2865.jpg	5	8
2866.jpg	7	20
2867.jpg	8	6
2868.jpg	13	18
2869.jpg	10	20
2870.jpg	11	14
2871.jpg	13	15
2872.jpg	8	9
2873.jpg	13	9
2874.jpg	13	17
2875.jpg	13	16
2876.jpg	13	17
2877.jpg	13	18
2878.jpg	13	9
2879.jpg	8	9
2880.jpg	3	5
2881.jpg	3	20
2882.jpg	4	7
2883.jpg	4	7
2884.jpg	4	11
2885.jpg	13	1
2886.jpg	7	20
2887.jpg	8	6
2888.jpg	13	6
2889.jpg	10	20
2890.jpg	11	14
2891.jpg	13	1
2892.jpg	13	9
2893.jpg	13	9
2894.jpg	13	16
2895.jpg	13	16
2896.jpg	13	17
2897.jpg	13	18
2898.jpg	13	20
2899.jpg	8	9
2900.jpg	3	5
2901.jpg	3	20
2902.jpg	4	7
2903.jpg	4	7
2904.jpg	4	11
2905.jpg	5	8
2906.jpg	8	9
2907.jpg	8	6
2908.jpg	8	9
2909.jpg	10	20
2910.jpg	11	14
2911.jpg	4	2
2912.jpg	13	6
2913.jpg	13	15
2914.jpg	13	15
2915.jpg	13	16
2916.jpg	13	16
2917.jpg	13	18
2918.jpg	13	20
2919.jpg	13	20
2920.jpg	3	20
2921.jpg	3	20
2922.jpg	4	2
2923.jpg	4	7
2924.jpg	4	11
2925.jpg	5	8
2926.jpg	13	17
2927.jpg	8	6
2928.jpg	8	9
2929.jpg	10	20
2930.jpg	11	14
2931.jpg	13	18
2932.jpg	13	6
2933.jpg	13	9
2934.jpg	13	20
2935.jpg	13	16
2936.jpg	13	17
2937.jpg	13	15
2938.jpg	13	20
2939.jpg	7	1
2940.jpg	3	5
2941.jpg	3	20
2942.jpg	4	2
2943.jpg	4	7
2944.jpg	4	11
2945.jpg	5	8
2946.jpg	10	20
2947.jpg	8	6
2948.jpg	8	9
2949.jpg	10	20
2950.jpg	11	14
2951.jpg	13	1
2952.jpg	13	15
2953.jpg	13	6
2954.jpg	7	1
2955.jpg	13	16
2956.jpg	13	16
2957.jpg	13	15
2958.jpg	13	20
2959.jpg	7	1
2960.jpg	3	5
2961.jpg	3	20
2962.jpg	4	7
2963.jpg	4	7
2964.jpg	4	11
2965.jpg	5	8
2966.jpg	8	9
2967.jpg	8	6
2968.jpg	8	9
2969.jpg	8	9
2970.jpg	11	14
2971.jpg	13	1
2972.jpg	13	16
2973.jpg	8	9
2974.jpg	13	20
2975.jpg	13	16
2976.jpg	13	17
2977.jpg	13	18
2978.jpg	13	20
2979.jpg	8	9
2980.jpg	3	5
2981.jpg	3	20
2982.jpg	4	7
2983.jpg	4	7
2984.jpg	4	11
2985.jpg	5	8
2986.jpg	7	20
2987.jpg	8	9
2988.jpg	8	9
2989.jpg	10	20
2990.jpg	11	14
2991.jpg	4	7
2992.jpg	4	7
2993.jpg	13	9
2994.jpg	13	15
2995.jpg	13	17
2996.jpg	13	20
2997.jpg	13	18
2998.jpg	13	20
2999.jpg	7	1
3000.jpg	3	5
3001.jpg	3	20
3002.jpg	4	2
3003.jpg	4	7
3004.jpg	4	11
3005.jpg	5	8
3006.jpg	10	20
3007.jpg	8	6
3008.jpg	8	9
3009.jpg	10	20
3010.jpg	11	14
3011.jpg	13	1
3012.jpg	13	6
3013.jpg	13	9
3014.jpg	13	18
3015.jpg	13	16
3016.jpg	13	17
3017.jpg	13	18
3018.jpg	13	20
3019.jpg	7	20
3020.jpg	3	5
3021.jpg	3	20
3022.jpg	4	7
3023.jpg	4	7
3024.jpg	4	11
3025.jpg	13	18
3026.jpg	7	20
3027.jpg	8	6
3028.jpg	8	9
3029.jpg	10	20
3030.jpg	11	14
3031.jpg	13	1
3032.jpg	13	1
3033.jpg	13	9
3034.jpg	13	16
3035.jpg	13	17
3036.jpg	13	17
3037.jpg	13	18
3038.jpg	13	20
3039.jpg	7	1
3040.jpg	3	5
3041.jpg	3	20
3042.jpg	4	7
3043.jpg	4	7
3044.jpg	4	11
3045.jpg	5	8
3046.jpg	8	9
3047.jpg	8	6
3048.jpg	8	9
3049.jpg	10	20
3050.jpg	3	20
3051.jpg	13	1
3052.jpg	13	16
3053.jpg	13	9
3054.jpg	8	9
3055.jpg	13	16
3056.jpg	13	16
3057.jpg	13	18
3058.jpg	13	20
3059.jpg	7	1
3060.jpg	3	5
3061.jpg	3	20
3062.jpg	4	7
3063.jpg	4	7
3064.jpg	4	11
3065.jpg	5	8
3066.jpg	7	20
3067.jpg	8	6
3068.jpg	8	9
3069.jpg	10	20
3070.jpg	11	14
3071.jpg	13	1
3072.jpg	13	17
3073.jpg	13	9
3074.jpg	8	9
3075.jpg	13	16
3076.jpg	13	17
3077.jpg	13	18
3078.jpg	13	20
3079.jpg	7	1
3080.jpg	3	5
3081.jpg	3	20
3082.jpg	4	7
3083.jpg	4	7
3084.jpg	4	2
3085.jpg	5	8
3086.jpg	8	9
3087.jpg	8	9
3088.jpg	8	9
3089.jpg	4	7
3090.jpg	11	14
3091.jpg	13	1
3092.jpg	8	9
3093.jpg	13	15
3094.jpg	13	15
3095.jpg	8	9
3096.jpg	13	17
3097.jpg	13	18
3098.jpg	13	20
3099.jpg	13	16
3100.jpg	3	5
3101.jpg	3	20
3102.jpg	4	7
3103.jpg	4	11
3104.jpg	4	11
3105.jpg	5	8
3106.jpg	7	20
3107.jpg	8	6
3108.jpg	8	9
3109.jpg	10	20
3110.jpg	11	14
3111.jpg	7	1
3112.jpg	7	1
3113.jpg	13	15
3114.jpg	13	15
3115.jpg	13	16
3116.jpg	13	17
3117.jpg	13	18
3118.jpg	13	20
3119.jpg	7	1
3120.jpg	3	5
3121.jpg	3	20
3122.jpg	4	7
3123.jpg	4	7
3124.jpg	4	7
3125.jpg	13	18
3126.jpg	8	9
3127.jpg	8	6
3128.jpg	8	9
3129.jpg	10	20
3130.jpg	3	20
3131.jpg	13	15
3132.jpg	8	9
3133.jpg	13	9
3134.jpg	13	15
3135.jpg	13	16
3136.jpg	13	17
3137.jpg	13	18
3138.jpg	13	20
3139.jpg	13	15
3140.jpg	3	5
3141.jpg	3	20
3142.jpg	4	7
3143.jpg	4	7
3144.jpg	4	11
3145.jpg	5	8
3146.jpg	7	20
3147.jpg	8	6
3148.jpg	8	9
3149.jpg	10	20
3150.jpg	11	14
3151.jpg	13	15
3152.jpg	13	17
3153.jpg	8	9
3154.jpg	13	16
3155.jpg	13	16
3156.jpg	13	17
3157.jpg	13	18
3158.jpg	13	20
3159.jpg	8	9
3160.jpg	3	5
3161.jpg	3	20
3162.jpg	4	7
3163.jpg	4	7
3164.jpg	4	11
3165.jpg	5	8
3166.jpg	7	20
3167.jpg	8	9
3168.jpg	8	9
3169.jpg	10	20
3170.jpg	3	20
3171.jpg	13	1
3172.jpg	13	1
3173.jpg	13	15
3174.jpg	8	6
3175.jpg	13	16
3176.jpg	13	17
3177.jpg	13	18
3178.jpg	13	20
3179.jpg	4	7
3180.jpg	3	5
3181.jpg	3	20
3182.jpg	4	2
3183.jpg	4	7
3184.jpg	4	11
3185.jpg	5	8
3186.jpg	13	17
3187.jpg	8	6
3188.jpg	8	9
3189.jpg	10	20
3190.jpg	11	14
3191.jpg	13	1
3192.jpg	13	6
3193.jpg	13	9
3194.jpg	8	9
3195.jpg	13	16
3196.jpg	13	17
3197.jpg	13	18
3198.jpg	13	17
3199.jpg	7	20
3200.jpg	3	5
3201.jpg	3	20
3202.jpg	4	2
3203.jpg	4	7
3204.jpg	4	11
3205.jpg	13	18
3206.jpg	7	20
3207.jpg	8	6
3208.jpg	8	6
3209.jpg	10	20
3210.jpg	11	14
3211.jpg	5	8
3212.jpg	4	7
3213.jpg	13	9
3214.jpg	13	15
3215.jpg	13	16
3216.jpg	13	17
3217.jpg	13	18
3218.jpg	13	20
3219.jpg	8	6
3220.jpg	3	5
3221.jpg	3	20
3222.jpg	4	7
3223.jpg	4	7
3224.jpg	4	11
3225.jpg	5	8
3226.jpg	7	20
3227.jpg	8	6
3228.jpg	8	9
3229.jpg	10	20
3230.jpg	11	14
3231.jpg	13	1
3232.jpg	13	6
3233.jpg	13	9
3234.jpg	13	20
3235.jpg	13	17
3236.jpg	13	17
3237.jpg	13	18
3238.jpg	13	20
3239.jpg	8	9
3240.jpg	3	5
3241.jpg	3	20
3242.jpg	4	7
3243.jpg	4	7
3244.jpg	4	11
3245.jpg	5	8
3246.jpg	7	20
3247.jpg	8	6
3248.jpg	8	9
3249.jpg	7	20
3250.jpg	11	14
3251.jpg	13	1
3252.jpg	13	1
3253.jpg	13	9
3254.jpg	13	16
3255.jpg	13	16
3256.jpg	13	16
3257.jpg	13	18
3258.jpg	13	20
3259.jpg	8	9
3260.jpg	3	5
3261.jpg	3	20
3262.jpg	4	7
3263.jpg	4	7
3264.jpg	4	11
3265.jpg	8	9
3266.jpg	8	9
3267.jpg	8	6
3268.jpg	8	9
3269.jpg	4	7
3270.jpg	8	6
3271.jpg	13	18
3272.jpg	13	9
3273.jpg	13	9
3274.jpg	13	9
3275.jpg	13	17
3276.jpg	13	17
3277.jpg	13	18
3278.jpg	13	20
3279.jpg	7	1
3280.jpg	3	5
3281.jpg	3	20
3282.jpg	4	7
3283.jpg	4	7
3284.jpg	4	11
3285.jpg	5	8
3286.jpg	7	20
3287.jpg	8	6
3288.jpg	4	7
3289.jpg	10	20
3290.jpg	11	14
3291.jpg	13	1
3292.jpg	13	6
3293.jpg	8	9
3294.jpg	7	20
3295.jpg	13	16
3296.jpg	13	20
3297.jpg	8	9
3298.jpg	13	20
3299.jpg	8	9
3300.jpg	3	5
3301.jpg	3	20
3302.jpg	4	7
3303.jpg	4	7
3304.jpg	4	11
3305.jpg	7	1
3306.jpg	7	20
3307.jpg	4	11
3308.jpg	13	17
3309.jpg	11	14
3310.jpg	3	20
3311.jpg	13	6
3312.jpg	13	6
3313.jpg	7	20
3314.jpg	8	9
3315.jpg	13	17
3316.jpg	13	20
3317.jpg	13	18
3318.jpg	8	9
3319.jpg	8	9
3320.jpg	3	5
3321.jpg	3	20
3322.jpg	4	7
3323.jpg	4	7
3324.jpg	4	11
3325.jpg	5	8
3326.jpg	7	20
3327.jpg	8	6
3328.jpg	13	18
3329.jpg	10	20
3330.jpg	11	14
3331.jpg	4	7
3332.jpg	13	16
3333.jpg	13	9
3334.jpg	13	16
3335.jpg	13	17
3336.jpg	13	17
3337.jpg	13	16
3338.jpg	13	20
3339.jpg	8	9
3340.jpg	3	5
3341.jpg	3	20
3342.jpg	4	11
3343.jpg	4	7
3344.jpg	4	11
3345.jpg	5	8
3346.jpg	8	9
3347.jpg	8	6
3348.jpg	7	1
3349.jpg	10	20
3350.jpg	11	14
3351.jpg	13	6
3352.jpg	13	9
3353.jpg	13	9
3354.jpg	13	15
3355.jpg	13	17
3356.jpg	13	6
3357.jpg	13	18
3358.jpg	13	20
3359.jpg	7	1
3360.jpg	3	5
3361.jpg	3	20
3362.jpg	4	2
3363.jpg	4	7
3364.jpg	4	11
3365.jpg	5	8
3366.jpg	7	20
3367.jpg	8	6
3368.jpg	8	9
3369.jpg	10	20
3370.jpg	11	14
3371.jpg	13	1
3372.jpg	13	6
3373.jpg	13	15
3374.jpg	8	9
3375.jpg	8	9
3376.jpg	13	17
3377.jpg	13	18
3378.jpg	13	20
3379.jpg	7	1
3380.jpg	3	5
3381.jpg	3	20
3382.jpg	4	7
3383.jpg	4	7
3384.jpg	4	11
3385.jpg	5	8
3386.jpg	7	20
3387.jpg	8	6
3388.jpg	8	9
3389.jpg	10	20
3390.jpg	11	14
3391.jpg	13	16
3392.jpg	13	6
3393.jpg	13	9
3394.jpg	7	20
3395.jpg	13	18
3396.jpg	13	6
3397.jpg	13	18
3398.jpg	13	20
3399.jpg	8	9
3400.jpg	3	5
3401.jpg	3	20
3402.jpg	4	7
3403.jpg	4	7
3404.jpg	4	11
3405.jpg	8	9
3406.jpg	7	20
3407.jpg	8	6
3408.jpg	13	15
3409.jpg	10	20
3410.jpg	11	14
3411.jpg	13	15
3412.jpg	13	15
3413.jpg	13	9
3414.jpg	13	15
3415.jpg	13	16
3416.jpg	13	17
3417.jpg	13	18
3418.jpg	13	20
3419.jpg	7	1
3420.jpg	3	5
3421.jpg	3	20
3422.jpg	4	7
3423.jpg	4	7
3424.jpg	4	11
3425.jpg	5	8
3426.jpg	8	9
3427.jpg	8	6
3428.jpg	13	9
3429.jpg	10	20
3430.jpg	3	20
3431.jpg	13	1
3432.jpg	8	9
3433.jpg	13	9
3434.jpg	13	15
3435.jpg	13	16
3436.jpg	13	17
3437.jpg	13	18
3438.jpg	13	20
3439.jpg	8	9
3440.jpg	3	5
3441.jpg	3	20
3442.jpg	4	2
3443.jpg	4	7
3444.jpg	4	11
3445.jpg	5	8
3446.jpg	8	9
3447.jpg	8	6
3448.jpg	7	1
3449.jpg	10	20
3450.jpg	11	14
3451.jpg	5	8
3452.jpg	8	9
3453.jpg	8	9
3454.jpg	8	9
3455.jpg	13	16
3456.jpg	13	17
3457.jpg	13	18
3458.jpg	13	20
3459.jpg	7	1
3460.jpg	3	5
3461.jpg	3	20
3462.jpg	4	7
3463.jpg	4	7
3464.jpg	4	11
3465.jpg	5	8
3466.jpg	8	9
3467.jpg	8	9
3468.jpg	8	9
3469.jpg	10	20
3470.jpg	11	14
3471.jpg	13	15
3472.jpg	13	16
3473.jpg	13	15
3474.jpg	13	15
3475.jpg	13	16
3476.jpg	13	17
3477.jpg	13	18
3478.jpg	13	20
3479.jpg	8	9
3480.jpg	3	5
3481.jpg	3	20
3482.jpg	4	2
3483.jpg	4	7
3484.jpg	4	11
3485.jpg	5	8
3486.jpg	7	20
3487.jpg	8	6
3488.jpg	8	9
3489.jpg	10	20
3490.jpg	11	14
3491.jpg	13	1
3492.jpg	8	9
3493.jpg	13	9
3494.jpg	8	9
3495.jpg	13	16
3496.jpg	13	17
3497.jpg	13	18
3498.jpg	13	20
3499.jpg	8	9
3500.jpg	3	5
3501.jpg	3	20
3502.jpg	4	7
3503.jpg	4	7
3504.jpg	4	11
3505.jpg	5	8
3506.jpg	8	9
3507.jpg	8	6
3508.jpg	8	9
3509.jpg	10	20
3510.jpg	8	6
3511.jpg	13	1
3512.jpg	7	1
3513.jpg	13	9
3514.jpg	13	15
3515.jpg	13	17
3516.jpg	13	17
3517.jpg	13	18
3518.jpg	13	20
3519.jpg	8	6
3520.jpg	3	5
3521.jpg	3	20
3522.jpg	4	7
3523.jpg	4	7
3524.jpg	4	11
3525.jpg	7	1
3526.jpg	7	20
3527.jpg	8	6
3528.jpg	13	18
3529.jpg	10	20
3530.jpg	11	14
3531.jpg	13	16
3532.jpg	13	6
3533.jpg	13	9
3534.jpg	13	18
3535.jpg	13	16
3536.jpg	13	17
3537.jpg	13	18
3538.jpg	13	20
3539.jpg	8	9
3540.jpg	3	5
3541.jpg	3	20
3542.jpg	4	7
3543.jpg	4	7
3544.jpg	4	11
3545.jpg	7	1
3546.jpg	7	20
3547.jpg	8	6
3548.jpg	7	1
3549.jpg	10	20
3550.jpg	11	14
3551.jpg	13	1
3552.jpg	13	16
3553.jpg	13	18
3554.jpg	13	20
3555.jpg	13	16
3556.jpg	13	17
3557.jpg	13	18
3558.jpg	8	9
3559.jpg	8	9
3560.jpg	13	9
3561.jpg	3	20
3562.jpg	4	2
3563.jpg	4	7
3564.jpg	4	11
3565.jpg	5	8
3566.jpg	7	20
3567.jpg	8	6
3568.jpg	8	9
3569.jpg	10	20
3570.jpg	11	14
3571.jpg	13	18
3572.jpg	13	6
3573.jpg	13	9
3574.jpg	8	6
3575.jpg	13	16
3576.jpg	13	17
3577.jpg	13	18
3578.jpg	13	20
3579.jpg	4	2
3580.jpg	3	5
3581.jpg	3	20
3582.jpg	4	2
3583.jpg	4	7
3584.jpg	4	11
3585.jpg	5	8
3586.jpg	7	20
3587.jpg	8	6
3588.jpg	8	9
3589.jpg	13	9
3590.jpg	11	14
3591.jpg	10	20
3592.jpg	8	9
3593.jpg	7	1
3594.jpg	8	9
3595.jpg	13	16
3596.jpg	13	17
3597.jpg	13	18
3598.jpg	13	20
3599.jpg	7	1
3600.jpg	3	5
3601.jpg	3	20
3602.jpg	4	7
3603.jpg	4	7
3604.jpg	4	11
3605.jpg	5	8
3606.jpg	8	9
3607.jpg	8	6
3608.jpg	8	9
3609.jpg	10	20
3610.jpg	11	14
3611.jpg	10	20
3612.jpg	13	16
3613.jpg	8	9
3614.jpg	8	9
3615.jpg	13	16
3616.jpg	13	17
3617.jpg	13	18
3618.jpg	13	20
3619.jpg	7	1
3620.jpg	3	5
3621.jpg	3	20
3622.jpg	4	7
3623.jpg	4	7
3624.jpg	4	11
3625.jpg	5	8
3626.jpg	8	9
3627.jpg	8	6
3628.jpg	8	9
3629.jpg	10	20
3630.jpg	11	14
3631.jpg	13	18
3632.jpg	8	9
3633.jpg	13	15
3634.jpg	8	9
3635.jpg	13	16
3636.jpg	13	20
3637.jpg	13	18
3638.jpg	13	20
3639.jpg	8	9
3640.jpg	3	5
3641.jpg	3	20
3642.jpg	4	7
3643.jpg	4	7
3644.jpg	4	11
3645.jpg	5	8
3646.jpg	7	20
3647.jpg	8	6
3648.jpg	8	9
3649.jpg	10	20
3650.jpg	11	14
3651.jpg	13	17
3652.jpg	8	9
3653.jpg	8	9
3654.jpg	7	20
3655.jpg	13	16
3656.jpg	13	20
3657.jpg	13	18
3658.jpg	13	20
3659.jpg	8	9
3660.jpg	3	5
3661.jpg	3	20
3662.jpg	4	2
3663.jpg	4	7
3664.jpg	7	1
3665.jpg	13	18
3666.jpg	8	9
3667.jpg	8	6
3668.jpg	7	1
3669.jpg	10	20
3670.jpg	11	14
3671.jpg	8	9
3672.jpg	13	16
3673.jpg	8	6
3674.jpg	7	1
3675.jpg	13	16
3676.jpg	13	16
3677.jpg	13	18
3678.jpg	13	20
3679.jpg	7	1
3680.jpg	3	5
3681.jpg	3	20
3682.jpg	4	7
3683.jpg	4	7
3684.jpg	4	11
3685.jpg	5	8
3686.jpg	8	9
3687.jpg	8	6
3688.jpg	8	9
3689.jpg	10	20
3690.jpg	11	14
3691.jpg	13	15
3692.jpg	13	20
3693.jpg	13	16
3694.jpg	13	20
3695.jpg	13	16
3696.jpg	13	17
3697.jpg	13	18
3698.jpg	13	20
3699.jpg	8	9
3700.jpg	3	5
3701.jpg	3	20
3702.jpg	4	7
3703.jpg	4	7
3704.jpg	4	11
3705.jpg	7	1
3706.jpg	8	9
3707.jpg	8	6
3708.jpg	8	9
3709.jpg	10	20
3710.jpg	11	14
3711.jpg	13	1
3712.jpg	13	6
3713.jpg	13	20
3714.jpg	13	15
3715.jpg	13	16
3716.jpg	13	17
3717.jpg	13	18
3718.jpg	13	20
3719.jpg	8	9
3720.jpg	3	5
3721.jpg	3	20
3722.jpg	4	2
3723.jpg	4	7
3724.jpg	4	11
3725.jpg	5	8
3726.jpg	8	9
3727.jpg	8	6
3728.jpg	4	11
3729.jpg	10	20
3730.jpg	11	14
3731.jpg	13	18
3732.jpg	13	6
3733.jpg	8	9
3734.jpg	13	15
3735.jpg	13	16
3736.jpg	13	17
3737.jpg	13	15
3738.jpg	13	20
3739.jpg	8	9
3740.jpg	3	5
3741.jpg	3	20
3742.jpg	4	2
3743.jpg	4	7
3744.jpg	4	11
3745.jpg	5	8
3746.jpg	13	17
3747.jpg	8	6
3748.jpg	8	9
3749.jpg	10	20
3750.jpg	11	14
3751.jpg	13	1
3752.jpg	7	1
3753.jpg	13	9
3754.jpg	4	7
3755.jpg	13	16
3756.jpg	13	17
3757.jpg	13	15
3758.jpg	13	20
3759.jpg	7	1
3760.jpg	3	5
3761.jpg	3	20
3762.jpg	4	2
3763.jpg	4	7
3764.jpg	4	11
3765.jpg	5	8
3766.jpg	7	20
3767.jpg	8	6
3768.jpg	8	9
3769.jpg	10	20
3770.jpg	11	14
3771.jpg	4	7
3772.jpg	13	16
3773.jpg	13	9
3774.jpg	13	17
3775.jpg	13	20
3776.jpg	13	17
3777.jpg	13	18
3778.jpg	13	20
3779.jpg	8	9
3780.jpg	3	5
3781.jpg	3	20
3782.jpg	4	7
3783.jpg	4	2
3784.jpg	4	11
3785.jpg	5	8
3786.jpg	7	20
3787.jpg	8	6
3788.jpg	8	9
3789.jpg	8	9
3790.jpg	11	14
3791.jpg	13	1
3792.jpg	13	6
3793.jpg	13	15
3794.jpg	13	15
3795.jpg	13	16
3796.jpg	13	16
3797.jpg	13	18
3798.jpg	13	20
3799.jpg	8	9
3800.jpg	3	5
3801.jpg	3	20
3802.jpg	4	2
3803.jpg	4	7
3804.jpg	4	11
3805.jpg	5	8
3806.jpg	13	17
3807.jpg	8	6
3808.jpg	8	9
3809.jpg	10	20
3810.jpg	11	14
3811.jpg	5	8
3812.jpg	8	9
3813.jpg	13	9
3814.jpg	13	15
3815.jpg	13	16
3816.jpg	13	17
3817.jpg	13	16
3818.jpg	13	20
3819.jpg	7	1
3820.jpg	13	9
3821.jpg	3	20
3822.jpg	4	7
3823.jpg	4	7
3824.jpg	4	11
3825.jpg	5	8
3826.jpg	7	20
3827.jpg	8	6
3828.jpg	8	9
3829.jpg	10	20
3830.jpg	11	14
3831.jpg	13	1
3832.jpg	13	9
3833.jpg	13	9
3834.jpg	7	1
3835.jpg	13	16
3836.jpg	13	17
3837.jpg	13	18
3838.jpg	8	9
3839.jpg	7	1
3840.jpg	3	5
3841.jpg	3	20
3842.jpg	4	2
3843.jpg	4	7
3844.jpg	4	11
3845.jpg	5	8
3846.jpg	8	9
3847.jpg	8	9
3848.jpg	8	9
3849.jpg	10	20
3850.jpg	11	14
3851.jpg	13	1
3852.jpg	4	7
3853.jpg	13	9
3854.jpg	13	15
3855.jpg	13	17
3856.jpg	13	16
3857.jpg	13	18
3858.jpg	13	20
3859.jpg	8	9
3860.jpg	3	5
3861.jpg	3	20
3862.jpg	4	7
3863.jpg	4	2
3864.jpg	4	11
3865.jpg	5	8
3866.jpg	7	20
3867.jpg	8	6
3868.jpg	8	9
3869.jpg	10	20
3870.jpg	11	14
3871.jpg	13	1
3872.jpg	13	6
3873.jpg	13	15
3874.jpg	13	15
3875.jpg	13	16
3876.jpg	13	17
3877.jpg	13	18
3878.jpg	13	20
3879.jpg	8	9
3880.jpg	3	20
3881.jpg	3	20
3882.jpg	4	7
3883.jpg	4	7
3884.jpg	4	11
3885.jpg	5	8
3886.jpg	7	1
3887.jpg	8	6
3888.jpg	8	9
3889.jpg	10	20
3890.jpg	11	14
3891.jpg	13	1
3892.jpg	13	1
3893.jpg	13	9
3894.jpg	8	9
3895.jpg	13	16
3896.jpg	13	17
3897.jpg	13	18
3898.jpg	13	20
3899.jpg	5	8
3900.jpg	3	5
3901.jpg	3	20
3902.jpg	4	7
3903.jpg	4	7
3904.jpg	4	11
3905.jpg	5	8
3906.jpg	7	20
3907.jpg	8	6
3908.jpg	8	9
3909.jpg	10	20
3910.jpg	11	14
3911.jpg	13	15
3912.jpg	13	17
3913.jpg	8	9
3914.jpg	13	15
3915.jpg	13	16
3916.jpg	13	16
3917.jpg	13	18
3918.jpg	13	20
3919.jpg	5	8
3920.jpg	3	5
3921.jpg	3	20
3922.jpg	4	7
3923.jpg	4	7
3924.jpg	4	11
3925.jpg	5	8
3926.jpg	7	20
3927.jpg	8	6
3928.jpg	8	9
3929.jpg	10	20
3930.jpg	11	14
3931.jpg	13	15
3932.jpg	13	6
3933.jpg	13	9
3934.jpg	13	15
3935.jpg	13	16
3936.jpg	13	17
3937.jpg	13	6
3938.jpg	13	20
3939.jpg	7	1
3940.jpg	3	5
3941.jpg	3	20
3942.jpg	4	7
3943.jpg	4	7
3944.jpg	4	11
3945.jpg	5	8
3946.jpg	7	20
3947.jpg	8	6
3948.jpg	8	9
3949.jpg	10	20
3950.jpg	11	14
3951.jpg	13	15
3952.jpg	13	16
3953.jpg	13	9
3954.jpg	13	15
3955.jpg	13	16
3956.jpg	13	17
3957.jpg	13	18
3958.jpg	13	20
3959.jpg	3	5
3960.jpg	3	20
3961.jpg	4	7
3962.jpg	4	7
3963.jpg	4	11
3964.jpg	13	18
3965.jpg	7	20
3966.jpg	8	9
3967.jpg	8	9
3968.jpg	10	20
3969.jpg	11	14
3970.jpg	13	1
3971.jpg	8	9
3972.jpg	8	9
3973.jpg	7	20
3974.jpg	13	16
3975.jpg	13	17
3976.jpg	13	18
3977.jpg	13	20
3978.jpg	3	5
3979.jpg	3	20
3980.jpg	4	2
3981.jpg	4	7
3982.jpg	4	11
3983.jpg	5	8
3984.jpg	10	20
3985.jpg	8	6
3986.jpg	8	9
3987.jpg	10	20
3988.jpg	11	14
3989.jpg	13	1
3990.jpg	13	6
3991.jpg	13	9
3992.jpg	8	9
3993.jpg	5	8
3994.jpg	13	17
3995.jpg	13	18
3996.jpg	13	20
